name,file,template,loadspec,secondary,group,vol_min,vol_max,team_vol_mod,dist_min,dist_max,dist_reverb_max,volume_falloff_curve,reverb_falloff_curve,volume_min_falloff_curve,reverb_min_falloff_curve,limit_count,limit_type,entity_limit_count,entity_limit_type,pitch_min,pitch_max,team_pitch_mod,min_priority,max_priority,min_priority_threshold,max_priority_threshold,spatialized,type,loop,randomize_type,probability,start_delay,reverb_send,duck,duck_group,pan,center_send,envelop_min,envelop_max,envelop_percentage,occlusion_level,occlusion_wet_dry,is_big,distance_lpf,move_type,move_time,real_delay,subtitle,mature,doppler,futz,context_type,context_value,compression,timescale,music,fade_in,fade_out,pc_format,pause,stop_on_death,bus,snapshot
fly_servo_mechz,sound\zmb\ai\mechz\servo\anim_ratc_srvo_01.LN50.pc.snd,,,,grp_foley,3685,3685,,250,1000,1750,default,default,allon,allon,3,oldest,4,oldest,30047,35732,,50,95,63,-1,,loaded,nonlooping,volume,-1,0,6553,,snp_foley,3d,0,25,100,6553,25,,yes,yes,none,0,,,,no,0,0,0,,yes,no,0,0,,yes,no,bus_fx,
fly_servo_mechz,sound\zmb\ai\mechz\servo\anim_ratc_srvo_02.LN50.pc.snd,,,,grp_foley,3685,3685,,250,1000,1750,default,default,allon,allon,3,oldest,4,oldest,30047,35732,,50,95,63,-1,,loaded,nonlooping,volume,-1,0,6553,,snp_foley,3d,0,25,100,6553,25,,yes,yes,none,0,,,,no,0,0,0,,yes,no,0,0,,yes,no,bus_fx,
zmb_ai_mechz_claw_back,sound\zmb\ai\mechz\v2\claw\retract\retract.LN50.pc.snd,,,,grp_hdrfx,18470,18470,,125,500,625,default,default,allon,allon,8,priority,8,oldest,32767,32767,,75,95,63,-1,,loaded,nonlooping,volume,-1,0,3685,,snp_hdrfx,3d,0,100,125,58408,0,,yes,no,none,0,,,,no,0,0,0,,no,no,0,0,,yes,no,bus_hdrfx,
zmb_ai_mechz_claw_fire,sound\zmb\ai\mechz\v2\claw\fire\fire_00.LN50.pc.snd,,,,grp_hdrfx,18470,18470,,500,1250,1750,default,default,allon,allon,8,priority,8,oldest,32767,32767,,75,95,63,-1,,loaded,nonlooping,volume,-1,0,3685,,snp_hdrfx,3d,0,100,125,58408,0,,yes,no,none,0,,,,no,0,0,0,,no,no,0,0,,yes,no,bus_hdrfx,
zmb_ai_mechz_claw_fire,sound\zmb\ai\mechz\v2\claw\fire\fire_01.LN50.pc.snd,,,,grp_hdrfx,18470,18470,,500,1250,1750,default,default,allon,allon,8,priority,8,oldest,32767,32767,,75,95,63,-1,,loaded,nonlooping,volume,-1,0,3685,,snp_hdrfx,3d,0,100,125,58408,0,,yes,no,none,0,,,,no,0,0,0,,no,no,0,0,,yes,no,bus_hdrfx,
zmb_ai_mechz_claw_fire,sound\zmb\ai\mechz\v2\claw\fire\fire_02.LN50.pc.snd,,,,grp_hdrfx,18470,18470,,500,1250,1750,default,default,allon,allon,8,priority,8,oldest,32767,32767,,75,95,63,-1,,loaded,nonlooping,volume,-1,0,3685,,snp_hdrfx,3d,0,100,125,58408,0,,yes,no,none,0,,,,no,0,0,0,,no,no,0,0,,yes,no,bus_hdrfx,
zmb_ai_mechz_claw_grab,sound\zmb\ai\mechz\v2\claw\grab\grab.LN50.pc.snd,,,,grp_hdrfx,18470,18470,,125,500,625,default,default,allon,allon,8,priority,8,oldest,32767,32767,,75,95,63,-1,,loaded,nonlooping,volume,-1,0,3685,,snp_hdrfx,3d,0,100,125,58408,0,,yes,no,none,0,,,,no,0,0,0,,no,no,0,0,,yes,no,bus_hdrfx,
zmb_ai_mechz_claw_loop_in,sound\zmb\ai\mechz\v2\claw\loop_in.LL50.pc.snd,,,,grp_hdrfx,5205,5205,,250,1000,1500,default,default,allon,allon,8,priority,8,oldest,32767,32767,,75,95,63,-1,,loaded,looping,volume,-1,0,3685,,snp_hdrfx,3d,0,100,125,58408,0,,yes,no,none,0,,,,no,0,0,0,,no,no,0,0,,yes,yes,bus_hdrfx,
zmb_ai_mechz_claw_loop_out,sound\zmb\ai\mechz\v2\claw\loop_out.LL50.pc.snd,,,,grp_hdrfx,5205,5205,,250,1000,1500,default,default,allon,allon,8,priority,8,oldest,32767,32767,,75,95,63,-1,,loaded,looping,volume,-1,0,3685,,snp_hdrfx,3d,0,100,125,58408,0,,yes,no,none,0,,,,no,0,0,0,,no,no,0,0,,yes,yes,bus_hdrfx,
zmb_ai_mechz_death_explode,sound\zmb\ai\mechz\v2\death\explode.LN50.pc.snd,,,,grp_hdrfx,41349,41349,,250,1000,1500,default,default,allon,allon,8,priority,8,oldest,32767,32767,,75,95,63,-1,,loaded,nonlooping,volume,-1,0,655,,snp_hdrfx,3d,0,50,125,58408,0,,yes,no,none,0,,,,no,0,0,0,,no,no,0,0,,yes,no,bus_hdrfx,
zmb_ai_mechz_death_fall,sound\zmb\ai\mechz\v2\death\killimp.LN50.pc.snd,,,,grp_hdrfx,23252,23252,,250,1000,1500,default,default,allon,allon,8,priority,8,oldest,32767,32767,,75,95,63,-1,,loaded,nonlooping,volume,-1,0,655,,snp_hdrfx,3d,0,50,125,58408,0,,yes,no,none,0,,,,no,0,0,0,,no,no,0,0,,yes,no,bus_hdrfx,
zmb_ai_mechz_death_imp,sound\zmb\ai\mechz\v2\death\killshot.LN50.pc.snd,,,zmb_ai_mechz_death_rise,grp_hdrfx,23252,23252,,250,1000,1500,default,default,allon,allon,8,priority,8,oldest,32767,32767,,75,95,63,-1,,loaded,nonlooping,volume,-1,0,655,,snp_hdrfx,3d,0,50,125,58408,0,,yes,no,none,0,,,,no,0,0,0,,no,no,0,0,,yes,no,bus_hdrfx,
zmb_ai_mechz_death_rise,sound\zmb\ai\mechz\v2\death\rise.LN50.pc.snd,,,,grp_hdrfx,11653,11653,,250,1000,1500,default,default,allon,allon,8,priority,8,oldest,32767,32767,,75,95,63,-1,,loaded,nonlooping,volume,-1,1000,655,,snp_hdrfx,3d,0,50,125,58408,0,,yes,no,none,0,,,,no,0,0,0,,no,no,0,0,,yes,no,bus_hdrfx,
zmb_ai_mechz_destruction,sound\zmb\ai\mechz\v2\destruction\destruction_00.LN50.pc.snd,,,zmb_ai_mechz_vox_pain,grp_hdrfx,13075,13075,,375,875,1125,default,default,allon,allon,8,priority,8,oldest,32767,32767,,55,95,63,-1,,loaded,nonlooping,volume,-1,0,3685,,snp_hdrfx,3d,0,100,125,58408,0,,yes,no,none,0,,,,no,0,0,0,,no,no,0,0,,yes,no,bus_hdrfx,
zmb_ai_mechz_destruction,sound\zmb\ai\mechz\v2\destruction\destruction_01.LN50.pc.snd,,,zmb_ai_mechz_vox_pain,grp_hdrfx,13075,13075,,375,875,1125,default,default,allon,allon,8,priority,8,oldest,32767,32767,,55,95,63,-1,,loaded,nonlooping,volume,-1,0,3685,,snp_hdrfx,3d,0,100,125,58408,0,,yes,no,none,0,,,,no,0,0,0,,no,no,0,0,,yes,no,bus_hdrfx,
zmb_ai_mechz_destruction,sound\zmb\ai\mechz\v2\destruction\destruction_02.LN50.pc.snd,,,zmb_ai_mechz_vox_pain,grp_hdrfx,13075,13075,,375,875,1125,default,default,allon,allon,8,priority,8,oldest,32767,32767,,55,95,63,-1,,loaded,nonlooping,volume,-1,0,3685,,snp_hdrfx,3d,0,100,125,58408,0,,yes,no,none,0,,,,no,0,0,0,,no,no,0,0,,yes,no,bus_hdrfx,
zmb_ai_mechz_flame_loop,sound\zmb\ai\mechz\v2\flame\loop.LL50.pc.snd,,,,grp_hdrfx,10386,10386,,250,1000,1500,default,default,allon,allon,8,priority,8,oldest,32767,32767,,65,95,63,-1,,loaded,looping,volume,-1,0,655,,snp_hdrfx,3d,0,50,125,58408,0,,no,no,none,0,,,,no,0,0,0,,no,no,0,0,,yes,yes,bus_hdrfx,
zmb_ai_mechz_flame_start,sound\zmb\ai\mechz\v2\flame\start.LN50.pc.snd,,,,grp_hdrfx,10386,10386,,250,1000,1500,default,default,allon,allon,8,priority,8,oldest,32767,32767,,65,95,63,-1,,loaded,nonlooping,volume,-1,0,655,,snp_hdrfx,3d,0,50,125,58408,0,,no,no,none,0,,,,no,0,0,0,,no,no,0,0,,yes,no,bus_hdrfx,
zmb_ai_mechz_flame_stop,sound\zmb\ai\mechz\v2\flame\stop.LN50.pc.snd,,,,grp_hdrfx,10386,10386,,250,1000,1500,default,default,allon,allon,8,priority,8,oldest,32767,32767,,65,95,63,-1,,loaded,nonlooping,volume,-1,0,655,,snp_hdrfx,3d,0,50,125,58408,0,,no,no,none,0,,,,no,0,0,0,,no,no,0,0,,yes,no,bus_hdrfx,
zmb_ai_mechz_incoming_alarm,sound\zmb\ai\mechz\v2\incoming_alarm.SN50.pc.snd,,,,grp_hdrfx,6553,6553,,0,5000,5000,default,default,allon,allon,8,priority,8,oldest,32767,32767,,95,100,0,-1,,streamed,nonlooping,volume,-1,0,26089,,snp_hdrfx,2d,0,0,0,0,0,,no,yes,none,0,,,,no,0,0,0,,no,no,0,0,,yes,no,bus_hdrfx,
zmb_ai_mechz_intro,sound\zmb\ai\mechz\v2\jump_in_118.LN50.pc.snd,,,,grp_hdrfx,36853,36853,,750,1500,2500,default,default,allon,allon,8,priority,8,oldest,32767,32767,,55,95,63,-1,,loaded,nonlooping,volume,-1,0,6553,,snp_hdrfx,3d,0,100,125,58408,0,,yes,no,none,0,,,,no,0,0,0,,no,no,0,0,,yes,no,bus_hdrfx,
zmb_ai_mechz_intro_alarm,sound\zmb\ai\mechz\vox\alarm_2.LN50.pc.snd,,,,grp_hdrfx,13075,13075,,250,1000,1500,default,default,allon,allon,8,priority,8,oldest,32767,32767,,55,95,63,-1,,loaded,nonlooping,volume,-1,0,6553,,snp_hdrfx,3d,0,100,125,58408,0,,yes,no,none,0,,,,no,0,0,0,,no,no,0,0,,yes,no,bus_hdrfx,
zmb_ai_mechz_jump,sound\zmb\ai\mechz\v2\jump\jump_00.LN50.pc.snd,,,,grp_hdrfx,9257,9257,,375,875,1125,default,default,allon,allon,8,priority,8,oldest,32767,32767,,55,95,63,-1,,loaded,nonlooping,volume,-1,0,3685,,snp_hdrfx,3d,0,100,125,58408,0,,yes,no,none,0,,,,no,0,0,0,,no,no,0,0,,yes,no,bus_hdrfx,
zmb_ai_mechz_jump,sound\zmb\ai\mechz\v2\jump\jump_01.LN50.pc.snd,,,,grp_hdrfx,9257,9257,,375,875,1125,default,default,allon,allon,8,priority,8,oldest,32767,32767,,55,95,63,-1,,loaded,nonlooping,volume,-1,0,3685,,snp_hdrfx,3d,0,100,125,58408,0,,yes,no,none,0,,,,no,0,0,0,,no,no,0,0,,yes,no,bus_hdrfx,
zmb_ai_mechz_land,sound\zmb\ai\mechz\v2\land\land_00.LN50.pc.snd,,,,grp_hdrfx,13075,13075,,375,875,1125,default,default,allon,allon,8,priority,8,oldest,32767,32767,,55,95,63,-1,,loaded,nonlooping,volume,-1,0,3685,,snp_hdrfx,3d,0,100,125,58408,0,,yes,no,none,0,,,,no,0,0,0,,no,no,0,0,,yes,no,bus_hdrfx,
zmb_ai_mechz_land,sound\zmb\ai\mechz\v2\land\land_01.LN50.pc.snd,,,,grp_hdrfx,13075,13075,,375,875,1125,default,default,allon,allon,8,priority,8,oldest,32767,32767,,55,95,63,-1,,loaded,nonlooping,volume,-1,0,3685,,snp_hdrfx,3d,0,100,125,58408,0,,yes,no,none,0,,,,no,0,0,0,,no,no,0,0,,yes,no,bus_hdrfx,
zmb_ai_mechz_land,sound\zmb\ai\mechz\v2\land\land_02.LN50.pc.snd,,,,grp_hdrfx,13075,13075,,375,875,1125,default,default,allon,allon,8,priority,8,oldest,32767,32767,,55,95,63,-1,,loaded,nonlooping,volume,-1,0,3685,,snp_hdrfx,3d,0,100,125,58408,0,,yes,no,none,0,,,,no,0,0,0,,no,no,0,0,,yes,no,bus_hdrfx,
zmb_ai_mechz_rocket_loop,sound\zmb\ai\mechz\v2\rocket\loop.LL50.pc.snd,,,,grp_hdrfx,13075,13075,,625,1500,2000,default,default,allon,allon,8,priority,8,oldest,32767,32767,,50,95,63,-1,,loaded,looping,volume,-1,0,3685,,snp_hdrfx,3d,0,0,0,0,0,,yes,no,none,0,,,,yes,0,0,0,,no,no,0,0,,yes,yes,bus_hdrfx,
zmb_ai_mechz_rocket_start,sound\zmb\ai\mechz\v2\rocket\start.LN50.pc.snd,,,,grp_hdrfx,13075,13075,,625,1500,2000,default,default,allon,allon,8,priority,8,oldest,32767,32767,,50,95,63,-1,,loaded,nonlooping,volume,-1,0,3685,,snp_hdrfx,3d,0,0,0,0,0,,yes,no,none,0,,,,no,0,0,0,,no,no,0,0,,yes,no,bus_hdrfx,
zmb_ai_mechz_rocket_stop,sound\zmb\ai\mechz\v2\rocket\stop.LN50.pc.snd,,,,grp_hdrfx,13075,13075,,625,1500,2000,default,default,allon,allon,8,priority,8,oldest,32767,32767,,50,95,63,-1,,loaded,nonlooping,volume,-1,0,3685,,snp_hdrfx,3d,0,0,0,0,0,,yes,no,none,0,,,,no,0,0,0,,no,no,0,0,,yes,no,bus_hdrfx,
zmb_ai_mechz_swing_a,sound\zmb\ai\mechz\v2\melee_a.LN50.pc.snd,,,zmb_ai_mechz_vox_swing,grp_hdrfx,13075,13075,,175,625,750,default,default,allon,allon,8,priority,8,oldest,32767,32767,,55,95,63,-1,,loaded,nonlooping,volume,-1,0,3685,,snp_hdrfx,3d,0,100,125,58408,0,,yes,no,none,0,,,,no,0,0,0,,no,no,0,0,,yes,no,bus_hdrfx,
zmb_ai_mechz_swing_b,sound\zmb\ai\mechz\v2\melee_b.LN50.pc.snd,,,zmb_ai_mechz_vox_swing,grp_hdrfx,13075,13075,,175,625,750,default,default,allon,allon,8,priority,8,oldest,32767,32767,,55,95,63,-1,,loaded,nonlooping,volume,-1,0,3685,,snp_hdrfx,3d,0,100,125,58408,0,,yes,no,none,0,,,,no,0,0,0,,no,no,0,0,,yes,no,bus_hdrfx,
zmb_ai_mechz_vox_ambient,sound\zmb\ai\mechz\vox\ambient\ambient_00.LN50.pc.snd,,,,grp_hdrfx,5205,5205,,125,1000,1500,default,default,allon,allon,8,priority,8,oldest,32767,32767,,50,90,63,-1,,loaded,nonlooping,volume,-1,0,3685,,snp_hdrfx,3d,0,0,0,0,25,,yes,no,none,0,,,,no,0,707721443,3914671733,,no,no,0,0,,yes,no,bus_hdrfx,
zmb_ai_mechz_vox_ambient,sound\zmb\ai\mechz\vox\ambient\ambient_01.LN50.pc.snd,,,,grp_hdrfx,5205,5205,,125,1000,1500,default,default,allon,allon,8,priority,8,oldest,32767,32767,,50,90,63,-1,,loaded,nonlooping,volume,-1,0,3685,,snp_hdrfx,3d,0,0,0,0,25,,yes,no,none,0,,,,no,0,707721443,3914671733,,no,no,0,0,,yes,no,bus_hdrfx,
zmb_ai_mechz_vox_ambient,sound\zmb\ai\mechz\vox\ambient\ambient_02.LN50.pc.snd,,,,grp_hdrfx,5205,5205,,125,1000,1500,default,default,allon,allon,8,priority,8,oldest,32767,32767,,50,90,63,-1,,loaded,nonlooping,volume,-1,0,3685,,snp_hdrfx,3d,0,0,0,0,25,,yes,no,none,0,,,,no,0,707721443,3914671733,,no,no,0,0,,yes,no,bus_hdrfx,
zmb_ai_mechz_vox_ambient,sound\zmb\ai\mechz\vox\ambient\ambient_03.LN50.pc.snd,,,,grp_hdrfx,5205,5205,,125,1000,1500,default,default,allon,allon,8,priority,8,oldest,32767,32767,,50,90,63,-1,,loaded,nonlooping,volume,-1,0,3685,,snp_hdrfx,3d,0,0,0,0,25,,yes,no,none,0,,,,no,0,707721443,3914671733,,no,no,0,0,,yes,no,bus_hdrfx,
zmb_ai_mechz_vox_ambient,sound\zmb\ai\mechz\vox\ambient\ambient_04.LN50.pc.snd,,,,grp_hdrfx,5205,5205,,125,1000,1500,default,default,allon,allon,8,priority,8,oldest,32767,32767,,50,90,63,-1,,loaded,nonlooping,volume,-1,0,3685,,snp_hdrfx,3d,0,0,0,0,25,,yes,no,none,0,,,,no,0,707721443,3914671733,,no,no,0,0,,yes,no,bus_hdrfx,
zmb_ai_mechz_vox_ambient,sound\zmb\ai\mechz\vox\angry_nh\angry_nh_00.LN50.pc.snd,,,,grp_hdrfx,5205,5205,,125,1000,1500,default,default,allon,allon,8,priority,8,oldest,32767,32767,,50,90,63,-1,,loaded,nonlooping,volume,-1,0,3685,,snp_hdrfx,3d,0,0,0,0,25,,yes,no,none,0,,,,no,0,707721443,3132862595,,no,no,0,0,,yes,no,bus_hdrfx,
zmb_ai_mechz_vox_ambient,sound\zmb\ai\mechz\vox\angry_nh\angry_nh_01.LN50.pc.snd,,,,grp_hdrfx,5205,5205,,125,1000,1500,default,default,allon,allon,8,priority,8,oldest,32767,32767,,50,90,63,-1,,loaded,nonlooping,volume,-1,0,3685,,snp_hdrfx,3d,0,0,0,0,25,,yes,no,none,0,,,,no,0,707721443,3132862595,,no,no,0,0,,yes,no,bus_hdrfx,
zmb_ai_mechz_vox_ambient,sound\zmb\ai\mechz\vox\angry_nh\angry_nh_02.LN50.pc.snd,,,,grp_hdrfx,5205,5205,,125,1000,1500,default,default,allon,allon,8,priority,8,oldest,32767,32767,,50,90,63,-1,,loaded,nonlooping,volume,-1,0,3685,,snp_hdrfx,3d,0,0,0,0,25,,yes,no,none,0,,,,no,0,707721443,3132862595,,no,no,0,0,,yes,no,bus_hdrfx,
zmb_ai_mechz_vox_ambient,sound\zmb\ai\mechz\vox\angry_nh\angry_nh_03.LN50.pc.snd,,,,grp_hdrfx,5205,5205,,125,1000,1500,default,default,allon,allon,8,priority,8,oldest,32767,32767,,50,90,63,-1,,loaded,nonlooping,volume,-1,0,3685,,snp_hdrfx,3d,0,0,0,0,25,,yes,no,none,0,,,,no,0,707721443,3132862595,,no,no,0,0,,yes,no,bus_hdrfx,
zmb_ai_mechz_vox_angry,sound\zmb\ai\mechz\vox\ambient\ambient_00.SN50.pc.snd,,,,grp_hdrfx,23252,23252,,125,1000,1500,default,default,allon,allon,8,priority,8,oldest,32767,32767,,50,90,63,-1,,streamed,nonlooping,volume,-1,300,3685,,snp_hdrfx,3d,0,50,75,58408,25,,yes,no,none,0,,,,no,0,707721443,3914671733,,no,no,0,0,,yes,no,bus_hdrfx,
zmb_ai_mechz_vox_angry,sound\zmb\ai\mechz\vox\ambient\ambient_01.SN50.pc.snd,,,,grp_hdrfx,23252,23252,,125,1000,1500,default,default,allon,allon,8,priority,8,oldest,32767,32767,,50,90,63,-1,,streamed,nonlooping,volume,-1,300,3685,,snp_hdrfx,3d,0,50,75,58408,25,,yes,no,none,0,,,,no,0,707721443,3914671733,,no,no,0,0,,yes,no,bus_hdrfx,
zmb_ai_mechz_vox_angry,sound\zmb\ai\mechz\vox\ambient\ambient_02.SN50.pc.snd,,,,grp_hdrfx,23252,23252,,125,1000,1500,default,default,allon,allon,8,priority,8,oldest,32767,32767,,50,90,63,-1,,streamed,nonlooping,volume,-1,300,3685,,snp_hdrfx,3d,0,50,75,58408,25,,yes,no,none,0,,,,no,0,707721443,3914671733,,no,no,0,0,,yes,no,bus_hdrfx,
zmb_ai_mechz_vox_angry,sound\zmb\ai\mechz\vox\ambient\ambient_03.SN50.pc.snd,,,,grp_hdrfx,23252,23252,,125,1000,1500,default,default,allon,allon,8,priority,8,oldest,32767,32767,,50,90,63,-1,,streamed,nonlooping,volume,-1,300,3685,,snp_hdrfx,3d,0,50,75,58408,25,,yes,no,none,0,,,,no,0,707721443,3914671733,,no,no,0,0,,yes,no,bus_hdrfx,
zmb_ai_mechz_vox_angry,sound\zmb\ai\mechz\vox\ambient\ambient_04.SN50.pc.snd,,,,grp_hdrfx,23252,23252,,125,1000,1500,default,default,allon,allon,8,priority,8,oldest,32767,32767,,50,90,63,-1,,streamed,nonlooping,volume,-1,300,3685,,snp_hdrfx,3d,0,50,75,58408,25,,yes,no,none,0,,,,no,0,707721443,3914671733,,no,no,0,0,,yes,no,bus_hdrfx,
zmb_ai_mechz_vox_angry,sound\zmb\ai\mechz\vox\angry_nh\angry_nh_00.SN50.pc.snd,,,,grp_hdrfx,23252,23252,,125,1000,1500,default,default,allon,allon,8,priority,8,oldest,32767,32767,,50,90,63,-1,,streamed,nonlooping,volume,-1,300,3685,,snp_hdrfx,3d,0,50,75,58408,25,,no,no,none,0,,,,no,0,707721443,3132862595,,no,no,0,0,,yes,no,bus_hdrfx,
zmb_ai_mechz_vox_angry,sound\zmb\ai\mechz\vox\angry_nh\angry_nh_01.SN50.pc.snd,,,,grp_hdrfx,23252,23252,,125,1000,1500,default,default,allon,allon,8,priority,8,oldest,32767,32767,,50,90,63,-1,,streamed,nonlooping,volume,-1,300,3685,,snp_hdrfx,3d,0,50,75,58408,25,,no,no,none,0,,,,no,0,707721443,3132862595,,no,no,0,0,,yes,no,bus_hdrfx,
zmb_ai_mechz_vox_angry,sound\zmb\ai\mechz\vox\angry_nh\angry_nh_02.SN50.pc.snd,,,,grp_hdrfx,23252,23252,,125,1000,1500,default,default,allon,allon,8,priority,8,oldest,32767,32767,,50,90,63,-1,,streamed,nonlooping,volume,-1,300,3685,,snp_hdrfx,3d,0,50,75,58408,25,,no,no,none,0,,,,no,0,707721443,3132862595,,no,no,0,0,,yes,no,bus_hdrfx,
zmb_ai_mechz_vox_angry,sound\zmb\ai\mechz\vox\angry_nh\angry_nh_03.SN50.pc.snd,,,,grp_hdrfx,23252,23252,,125,1000,1500,default,default,allon,allon,8,priority,8,oldest,32767,32767,,50,90,63,-1,,streamed,nonlooping,volume,-1,300,3685,,snp_hdrfx,3d,0,50,75,58408,25,,no,no,none,0,,,,no,0,707721443,3132862595,,no,no,0,0,,yes,no,bus_hdrfx,
zmb_ai_mechz_vox_death,sound\zmb\ai\mechz\vox\death\death_00.LN50.pc.snd,,,,grp_hdrfx,11653,11653,,250,1000,1500,default,default,allon,allon,8,priority,8,oldest,32767,32767,,50,90,63,-1,,loaded,nonlooping,volume,-1,0,3685,,snp_hdrfx,3d,0,0,0,0,25,,yes,no,none,0,,,,no,0,707721443,3914671733,,no,no,0,0,,yes,no,bus_hdrfx,
zmb_ai_mechz_vox_death,sound\zmb\ai\mechz\vox\death_nh\death_nh_00.SN50.pc.snd,,,,grp_hdrfx,11653,11653,,250,1000,1500,default,default,allon,allon,8,priority,8,oldest,32767,32767,,50,90,63,-1,,streamed,nonlooping,volume,-1,0,3685,,snp_hdrfx,3d,0,0,0,0,25,,no,no,none,0,,,,no,0,707721443,3132862595,,no,no,0,0,,yes,no,bus_hdrfx,
zmb_ai_mechz_vox_death,sound\zmb\ai\mechz\vox\death_nh\death_nh_01.SN50.pc.snd,,,,grp_hdrfx,11653,11653,,250,1000,1500,default,default,allon,allon,8,priority,8,oldest,32767,32767,,50,90,63,-1,,streamed,nonlooping,volume,-1,0,3685,,snp_hdrfx,3d,0,0,0,0,25,,no,no,none,0,,,,no,0,707721443,3132862595,,no,no,0,0,,yes,no,bus_hdrfx,
zmb_ai_mechz_vox_death,sound\zmb\ai\mechz\vox\death_nh\death_nh_02.SN50.pc.snd,,,,grp_hdrfx,11653,11653,,250,1000,1500,default,default,allon,allon,8,priority,8,oldest,32767,32767,,50,90,63,-1,,streamed,nonlooping,volume,-1,0,3685,,snp_hdrfx,3d,0,0,0,0,25,,no,no,none,0,,,,no,0,707721443,3132862595,,no,no,0,0,,yes,no,bus_hdrfx,
zmb_ai_mechz_vox_pain,sound\zmb\ai\mechz\vox\death_nh\death_nh_00.LN50.pc.snd,,,,grp_hdrfx,11653,11653,,125,1000,1500,default,default,allon,allon,8,priority,8,oldest,32767,32767,,50,90,63,-1,,loaded,nonlooping,volume,-1,0,3685,,snp_hdrfx,3d,0,0,0,0,25,,yes,no,none,0,,,,no,0,707721443,3132862595,,no,no,0,0,,yes,no,bus_hdrfx,
zmb_ai_mechz_vox_pain,sound\zmb\ai\mechz\vox\death_nh\death_nh_01.LN50.pc.snd,,,,grp_hdrfx,11653,11653,,125,1000,1500,default,default,allon,allon,8,priority,8,oldest,32767,32767,,50,90,63,-1,,loaded,nonlooping,volume,-1,0,3685,,snp_hdrfx,3d,0,0,0,0,25,,yes,no,none,0,,,,no,0,707721443,3132862595,,no,no,0,0,,yes,no,bus_hdrfx,
zmb_ai_mechz_vox_pain,sound\zmb\ai\mechz\vox\death_nh\death_nh_02.LN50.pc.snd,,,,grp_hdrfx,11653,11653,,125,1000,1500,default,default,allon,allon,8,priority,8,oldest,32767,32767,,50,90,63,-1,,loaded,nonlooping,volume,-1,0,3685,,snp_hdrfx,3d,0,0,0,0,25,,yes,no,none,0,,,,no,0,707721443,3132862595,,no,no,0,0,,yes,no,bus_hdrfx,
zmb_ai_mechz_vox_pain,sound\zmb\ai\mechz\vox\pain\pain_00.LN50.pc.snd,,,,grp_hdrfx,11653,11653,,125,1000,1500,default,default,allon,allon,8,priority,8,oldest,32767,32767,,50,90,63,-1,,loaded,nonlooping,volume,-1,0,3685,,snp_hdrfx,3d,0,0,0,0,25,,yes,no,none,0,,,,no,0,707721443,3914671733,,no,no,0,0,,yes,no,bus_hdrfx,
zmb_ai_mechz_vox_pain,sound\zmb\ai\mechz\vox\pain\pain_01.LN50.pc.snd,,,,grp_hdrfx,11653,11653,,125,1000,1500,default,default,allon,allon,8,priority,8,oldest,32767,32767,,50,90,63,-1,,loaded,nonlooping,volume,-1,0,3685,,snp_hdrfx,3d,0,0,0,0,25,,yes,no,none,0,,,,no,0,707721443,3914671733,,no,no,0,0,,yes,no,bus_hdrfx,
zmb_ai_mechz_vox_pain,sound\zmb\ai\mechz\vox\pain\pain_02.LN50.pc.snd,,,,grp_hdrfx,11653,11653,,125,1000,1500,default,default,allon,allon,8,priority,8,oldest,32767,32767,,50,90,63,-1,,loaded,nonlooping,volume,-1,0,3685,,snp_hdrfx,3d,0,0,0,0,25,,yes,no,none,0,,,,no,0,707721443,3914671733,,no,no,0,0,,yes,no,bus_hdrfx,
zmb_ai_mechz_vox_pain,sound\zmb\ai\mechz\vox\pain\pain_03.LN50.pc.snd,,,,grp_hdrfx,11653,11653,,125,1000,1500,default,default,allon,allon,8,priority,8,oldest,32767,32767,,50,90,63,-1,,loaded,nonlooping,volume,-1,0,3685,,snp_hdrfx,3d,0,0,0,0,25,,yes,no,none,0,,,,no,0,707721443,3914671733,,no,no,0,0,,yes,no,bus_hdrfx,
zmb_ai_mechz_vox_swing,sound\zmb\ai\mechz\vox\swing\swing_00.LN50.pc.snd,,,,grp_hdrfx,7353,7353,,125,1000,1500,default,default,allon,allon,8,priority,8,oldest,32767,32767,,50,90,63,-1,,loaded,nonlooping,volume,-1,0,3685,,snp_hdrfx,3d,0,0,0,0,25,,yes,no,none,0,,,,no,0,707721443,3914671733,,no,no,0,0,,yes,no,bus_hdrfx,
zmb_ai_mechz_vox_swing,sound\zmb\ai\mechz\vox\swing\swing_01.LN50.pc.snd,,,,grp_hdrfx,7353,7353,,125,1000,1500,default,default,allon,allon,8,priority,8,oldest,32767,32767,,50,90,63,-1,,loaded,nonlooping,volume,-1,0,3685,,snp_hdrfx,3d,0,0,0,0,25,,yes,no,none,0,,,,no,0,707721443,3914671733,,no,no,0,0,,yes,no,bus_hdrfx,
zmb_ai_mechz_vox_swing,sound\zmb\ai\mechz\vox\swing\swing_02.LN50.pc.snd,,,,grp_hdrfx,7353,7353,,125,1000,1500,default,default,allon,allon,8,priority,8,oldest,32767,32767,,50,90,63,-1,,loaded,nonlooping,volume,-1,0,3685,,snp_hdrfx,3d,0,0,0,0,25,,yes,no,none,0,,,,no,0,707721443,3914671733,,no,no,0,0,,yes,no,bus_hdrfx,
zmb_ai_mechz_vox_swing,sound\zmb\ai\mechz\vox\swing\swing_03.LN50.pc.snd,,,,grp_hdrfx,7353,7353,,125,1000,1500,default,default,allon,allon,8,priority,8,oldest,32767,32767,,50,90,63,-1,,loaded,nonlooping,volume,-1,0,3685,,snp_hdrfx,3d,0,0,0,0,25,,yes,no,none,0,,,,no,0,707721443,3914671733,,no,no,0,0,,yes,no,bus_hdrfx,
zmb_ai_mechz_vox_swing,sound\zmb\ai\mechz\vox\swing\swing_04.LN50.pc.snd,,,,grp_hdrfx,7353,7353,,125,1000,1500,default,default,allon,allon,8,priority,8,oldest,32767,32767,,50,90,63,-1,,loaded,nonlooping,volume,-1,0,3685,,snp_hdrfx,3d,0,0,0,0,25,,yes,no,none,0,,,,no,0,707721443,3914671733,,no,no,0,0,,yes,no,bus_hdrfx,
zmb_ai_mechz_vox_swing,sound\zmb\ai\mechz\vox\swing_nh\swing_nh_00.SN50.pc.snd,,,,grp_hdrfx,13075,13075,,125,1000,1500,default,default,allon,allon,8,priority,8,oldest,32767,32767,,50,90,63,-1,,streamed,nonlooping,volume,-1,0,3685,,snp_hdrfx,3d,0,0,0,0,25,,no,no,none,0,,,,no,0,707721443,3132862595,,no,no,0,0,,yes,no,bus_hdrfx,
zmb_ai_mechz_vox_swing,sound\zmb\ai\mechz\vox\swing_nh\swing_nh_01.SN50.pc.snd,,,,grp_hdrfx,13075,13075,,125,1000,1500,default,default,allon,allon,8,priority,8,oldest,32767,32767,,50,90,63,-1,,streamed,nonlooping,volume,-1,0,3685,,snp_hdrfx,3d,0,0,0,0,25,,no,no,none,0,,,,no,0,707721443,3132862595,,no,no,0,0,,yes,no,bus_hdrfx,
zmb_ai_mechz_vox_swing,sound\zmb\ai\mechz\vox\swing_nh\swing_nh_02.SN50.pc.snd,,,,grp_hdrfx,13075,13075,,125,1000,1500,default,default,allon,allon,8,priority,8,oldest,32767,32767,,50,90,63,-1,,streamed,nonlooping,volume,-1,0,3685,,snp_hdrfx,3d,0,0,0,0,25,,no,no,none,0,,,,no,0,707721443,3132862595,,no,no,0,0,,yes,no,bus_hdrfx,
zmb_ai_mechz_vox_swing,sound\zmb\ai\mechz\vox\swing_nh\swing_nh_03.SN50.pc.snd,,,,grp_hdrfx,13075,13075,,125,1000,1500,default,default,allon,allon,8,priority,8,oldest,32767,32767,,50,90,63,-1,,streamed,nonlooping,volume,-1,0,3685,,snp_hdrfx,3d,0,0,0,0,25,,no,no,none,0,,,,no,0,707721443,3132862595,,no,no,0,0,,yes,no,bus_hdrfx,
mus_mechz_fight_loop,sound\mus\zombie\tomb\mechz_round\desolation.SL45.pc.snd,,,,grp_music,23252,23252,,0,5000,5000,default,default,allon,allon,1,oldest,8,oldest,32767,32767,,100,100,0,-1,,streamed,looping,volume,-1,0,0,,snp_movie,2d,0,0,0,0,63,,no,yes,none,0,,,,no,0,0,0,,yes,yes,0,0,,yes,yes,bus_reference,
fly_step_mechz,sound\zmb\ai\mechz\step\anim_decepticon_lg_run_01.LN50.pc.snd,,,fly_step_mechz_weight,grp_foley,8250,8250,,250,1000,1750,default,default,allon,allon,3,priority,2,oldest,29702,36147,,60,95,63,-1,,loaded,nonlooping,volume,-1,0,65,,snp_foley,3d,0,25,100,6553,25,,yes,yes,none,0,,,,no,0,0,0,,yes,no,0,0,,yes,no,bus_fx,
fly_step_mechz,sound\zmb\ai\mechz\step\anim_decepticon_lg_run_02.LN50.pc.snd,,,fly_step_mechz_weight,grp_foley,8250,8250,,250,1000,1750,default,default,allon,allon,3,priority,2,oldest,29702,36147,,60,95,63,-1,,loaded,nonlooping,volume,-1,0,65,,snp_foley,3d,0,25,100,6553,25,,yes,yes,none,0,,,,no,0,0,0,,yes,no,0,0,,yes,no,bus_fx,
fly_step_mechz,sound\zmb\ai\mechz\step\anim_decepticon_lg_run_03.LN50.pc.snd,,,fly_step_mechz_weight,grp_foley,8250,8250,,250,1000,1750,default,default,allon,allon,3,priority,2,oldest,29702,36147,,60,95,63,-1,,loaded,nonlooping,volume,-1,0,65,,snp_foley,3d,0,25,100,6553,25,,yes,yes,none,0,,,,no,0,0,0,,yes,no,0,0,,yes,no,bus_fx,
fly_step_mechz,sound\zmb\ai\mechz\step\anim_decepticon_lg_run_04.LN50.pc.snd,,,fly_step_mechz_weight,grp_foley,8250,8250,,250,1000,1750,default,default,allon,allon,3,priority,2,oldest,29702,36147,,60,95,63,-1,,loaded,nonlooping,volume,-1,0,65,,snp_foley,3d,0,25,100,6553,25,,yes,yes,none,0,,,,no,0,0,0,,yes,no,0,0,,yes,no,bus_fx,
fly_step_mechz_water,sound\zmb\ai\mechz\step_water\imp_step_water_01.LN50.pc.snd,,,fly_step_mechz_weight,grp_foley,2927,2927,,250,875,1250,default,default,allon,allon,3,oldest,2,oldest,29702,36147,,50,95,63,-1,,loaded,nonlooping,volume,-1,0,65,,snp_foley,3d,0,25,100,6553,25,,yes,yes,none,0,,,,no,0,0,0,,yes,no,0,0,,yes,no,bus_fx,
fly_step_mechz_water,sound\zmb\ai\mechz\step_water\imp_step_water_02.LN50.pc.snd,,,fly_step_mechz_weight,grp_foley,2927,2927,,250,875,1250,default,default,allon,allon,3,oldest,2,oldest,29702,36147,,50,95,63,-1,,loaded,nonlooping,volume,-1,0,65,,snp_foley,3d,0,25,100,6553,25,,yes,yes,none,0,,,,no,0,0,0,,yes,no,0,0,,yes,no,bus_fx,
fly_step_mechz_weight,sound\zmb_blops\evt\zombie_coast\director\step\zmb_director_step_00.LN50.pc.snd,,,,grp_foley,14671,14671,,150,500,625,default,default,allon,allon,3,oldest,2,oldest,29702,36147,,50,95,63,-1,,loaded,nonlooping,volume,-1,0,65,,snp_foley,3d,0,25,100,6553,25,,yes,yes,none,0,,,,no,0,0,0,,yes,no,0,0,,yes,no,bus_fx,
fly_step_mechz_weight,sound\zmb_blops\evt\zombie_coast\director\step\zmb_director_step_01.LN50.pc.snd,,,,grp_foley,14671,14671,,150,500,625,default,default,allon,allon,3,oldest,2,oldest,29702,36147,,50,95,63,-1,,loaded,nonlooping,volume,-1,0,65,,snp_foley,3d,0,25,100,6553,25,,yes,yes,none,0,,,,no,0,0,0,,yes,no,0,0,,yes,no,bus_fx,
fly_step_mechz_weight,sound\zmb_blops\evt\zombie_coast\director\step\zmb_director_step_02.LN50.pc.snd,,,,grp_foley,14671,14671,,150,500,625,default,default,allon,allon,3,oldest,2,oldest,29702,36147,,50,95,63,-1,,loaded,nonlooping,volume,-1,0,65,,snp_foley,3d,0,25,100,6553,25,,yes,yes,none,0,,,,no,0,0,0,,yes,no,0,0,,yes,no,bus_fx,
fly_step_mechz_weight,sound\zmb_blops\evt\zombie_coast\director\step\zmb_director_step_03.LN50.pc.snd,,,,grp_foley,14671,14671,,150,500,625,default,default,allon,allon,3,oldest,2,oldest,29702,36147,,50,95,63,-1,,loaded,nonlooping,volume,-1,0,65,,snp_foley,3d,0,25,100,6553,25,,yes,yes,none,0,,,,no,0,0,0,,yes,no,0,0,,yes,no,bus_fx,
evt_brutus_helmet,sound\zmb\level\zm_alcatraz\brutus\brutus_helmet.LN65.pc.snd,,,evt_brutus_helmet_flux_l,grp_hdrfx,52056,52056,,750,1600,1750,default,default,allon,allon,8,priority,8,oldest,32767,32767,,95,100,0,-1,,loaded,nonlooping,volume,-1,0,13075,,3d,0,0,0,0,0,,no,no,none,0,,,,no,0,0,0,,no,no,0,0,,yes,no,bus_hdrfx,,
evt_brutus_helmet_flux_l,sound\zmb\level\zm_alcatraz\brutus\brutus_helmet_flux_l.LN65.pc.snd,,,evt_brutus_helmet_flux_r,grp_explosion,16461,26089,,6000,25000,25000,default,default,allon,allon,1,reject,8,oldest,28361,37857,,30,40,63,-1,,loaded,nonlooping,volume,-1,4000,1165,,3d,0,0,0,0,0,,no,no,left_player,3000,,,,no,0,0,0,,yes,no,0,0,,yes,no,bus_hdrfx,,
evt_brutus_helmet_flux_r,sound\zmb\level\zm_alcatraz\brutus\brutus_helmet_flux_r.LN65.pc.snd,,,,grp_explosion,16461,26089,,6000,25000,25000,default,default,allon,allon,1,reject,8,oldest,28361,37857,,30,40,63,-1,,loaded,nonlooping,volume,-1,4150,1165,,3d,0,0,0,0,0,,no,no,right_player,3000,,,,no,0,0,0,,yes,no,0,0,,yes,no,bus_hdrfx,,
evt_brutus_spawn,sound\zmb\level\zm_alcatraz\brutus\brutus_spawn_02.LN65.pc.snd,,,,grp_hdrfx,14671,14671,,0,5000,5000,default,default,allon,allon,1,reject,8,oldest,32767,32767,,100,100,63,-1,,loaded,nonlooping,volume,-1,0,65,,2d,0,0,0,0,63,,no,yes,none,0,,,,no,0,0,0,,yes,no,0,0,,yes,no,bus_hdrfx,,
fly_gear_brutus,sound\zmb\ai\brutus\gear\brutus_gear_00.LN65.pc.snd,,,,grp_foley,4134,4134,,175,625,750,default,default,allon,allon,3,oldest,4,oldest,30047,35732,,10,50,63,-1,,loaded,nonlooping,volume,-1,0,6553,,3d,0,25,100,6553,-91,,no,yes,none,0,,,,no,0,0,0,,yes,no,0,0,,yes,no,bus_fx,,
fly_gear_brutus,sound\zmb\ai\brutus\gear\brutus_gear_01.LN65.pc.snd,,,,grp_foley,4134,4134,,175,625,750,default,default,allon,allon,3,oldest,4,oldest,30047,35732,,10,50,63,-1,,loaded,nonlooping,volume,-1,0,6553,,3d,0,25,100,6553,-91,,no,yes,none,0,,,,no,0,0,0,,yes,no,0,0,,yes,no,bus_fx,,
fly_gear_brutus,sound\zmb\ai\brutus\gear\brutus_gear_02.LN65.pc.snd,,,,grp_foley,4134,4134,,175,625,750,default,default,allon,allon,3,oldest,4,oldest,30047,35732,,10,50,63,-1,,loaded,nonlooping,volume,-1,0,6553,,3d,0,25,100,6553,-91,,no,yes,none,0,,,,no,0,0,0,,yes,no,0,0,,yes,no,bus_fx,,
fly_gear_brutus,sound\zmb\ai\brutus\gear\brutus_gear_03.LN65.pc.snd,,,,grp_foley,4134,4134,,175,625,750,default,default,allon,allon,3,oldest,4,oldest,30047,35732,,10,50,63,-1,,loaded,nonlooping,volume,-1,0,6553,,3d,0,25,100,6553,-91,,no,yes,none,0,,,,no,0,0,0,,yes,no,0,0,,yes,no,bus_fx,,
fly_gear_brutus,sound\zmb\ai\brutus\gear\brutus_gear_04.LN65.pc.snd,,,,grp_foley,4134,4134,,175,625,750,default,default,allon,allon,3,oldest,4,oldest,30047,35732,,10,50,63,-1,,loaded,nonlooping,volume,-1,0,6553,,3d,0,25,100,6553,-91,,no,yes,none,0,,,,no,0,0,0,,yes,no,0,0,,yes,no,bus_fx,,
fly_step_brutus,sound\zmb\ai\brutus\step\brutus_step_00.LN65.pc.snd,,,fly_gear_brutus,grp_foley,14671,14671,,250,875,1250,default,default,allon,allon,3,priority,2,oldest,29702,36147,,10,50,38,-1,,loaded,nonlooping,volume,-1,0,65,,3d,0,25,100,6553,-91,,no,yes,none,0,,,,no,0,0,0,,yes,no,0,0,,yes,no,bus_fx,,
fly_step_brutus,sound\zmb\ai\brutus\step\brutus_step_01.LN65.pc.snd,,,fly_gear_brutus,grp_foley,14671,14671,,250,875,1250,default,default,allon,allon,3,priority,2,oldest,29702,36147,,10,50,38,-1,,loaded,nonlooping,volume,-1,0,65,,3d,0,25,100,6553,-91,,no,yes,none,0,,,,no,0,0,0,,yes,no,0,0,,yes,no,bus_fx,,
fly_step_brutus,sound\zmb\ai\brutus\step\brutus_step_02.LN65.pc.snd,,,fly_gear_brutus,grp_foley,14671,14671,,250,875,1250,default,default,allon,allon,3,priority,2,oldest,29702,36147,,10,50,38,-1,,loaded,nonlooping,volume,-1,0,65,,3d,0,25,100,6553,-91,,no,yes,none,0,,,,no,0,0,0,,yes,no,0,0,,yes,no,bus_fx,,
fly_step_brutus,sound\zmb\ai\brutus\step\brutus_step_03.LN65.pc.snd,,,fly_gear_brutus,grp_foley,14671,14671,,250,875,1250,default,default,allon,allon,3,priority,2,oldest,29702,36147,,10,50,38,-1,,loaded,nonlooping,volume,-1,0,65,,3d,0,25,100,6553,-91,,no,yes,none,0,,,,no,0,0,0,,yes,no,0,0,,yes,no,bus_fx,,
fly_step_brutus,sound\zmb\ai\brutus\step\brutus_step_04.LN65.pc.snd,,,fly_gear_brutus,grp_foley,14671,14671,,250,875,1250,default,default,allon,allon,3,priority,2,oldest,29702,36147,,10,50,38,-1,,loaded,nonlooping,volume,-1,0,65,,3d,0,25,100,6553,-91,,no,yes,none,0,,,,no,0,0,0,,yes,no,0,0,,yes,no,bus_fx,,
mus_event_brutus_death,sound\mus\zombie\alcatraz\brutus\dead\brutus_dead_stinger_v1_mas.SN65.pc.snd,,,,grp_music,41349,41349,,0,5000,5000,default,default,allon,allon,8,priority,8,oldest,32767,32767,,100,100,0,-1,,streamed,nonlooping,volume,-1,0,0,,2d,0,0,0,0,63,,no,yes,none,0,,,,no,0,0,0,,no,yes,0,0,,yes,no,bus_reference,,
mus_event_brutus_death,sound\mus\zombie\alcatraz\brutus\dead\brutus_dead_stinger_v2_mas.SN65.pc.snd,,,,grp_music,41349,41349,,0,5000,5000,default,default,allon,allon,8,priority,8,oldest,32767,32767,,100,100,0,-1,,streamed,nonlooping,volume,-1,0,0,,2d,0,0,0,0,63,,no,yes,none,0,,,,no,0,0,0,,no,yes,0,0,,yes,no,bus_reference,,
mus_event_brutus_death,sound\mus\zombie\alcatraz\brutus\dead\brutus_dead_stinger_v2_nobell_mas.SN65.pc.snd,,,,grp_music,41349,41349,,0,5000,5000,default,default,allon,allon,8,priority,8,oldest,32767,32767,,100,100,0,-1,,streamed,nonlooping,volume,-1,0,0,,2d,0,0,0,0,63,,no,yes,none,0,,,,no,0,0,0,,no,yes,0,0,,yes,no,bus_reference,,
mus_event_brutus_death,sound\mus\zombie\alcatraz\brutus\dead\brutus_dead_stinger_v3_mas.SN65.pc.snd,,,,grp_music,41349,41349,,0,5000,5000,default,default,allon,allon,8,priority,8,oldest,32767,32767,,100,100,0,-1,,streamed,nonlooping,volume,-1,0,0,,2d,0,0,0,0,63,,no,yes,none,0,,,,no,0,0,0,,no,yes,0,0,,yes,no,bus_reference,,
mus_event_brutus_death,sound\mus\zombie\alcatraz\brutus\dead\brutus_dead_stinger_v3_piano_mas.SN65.pc.snd,,,,grp_music,41349,41349,,0,5000,5000,default,default,allon,allon,8,priority,8,oldest,32767,32767,,100,100,0,-1,,streamed,nonlooping,volume,-1,0,0,,2d,0,0,0,0,63,,no,yes,none,0,,,,no,0,0,0,,no,yes,0,0,,yes,no,bus_reference,,
mus_event_brutus_loop,sound\mus\zombie\alcatraz\brutus_spawn\brutus_spawn_loop.SL65.pc.snd,,,,grp_music,20723,20723,,400,1500,1750,default,default,allon,allon,1,priority,8,oldest,32767,32767,,95,100,63,-1,,streamed,looping,volume,-1,0,0,zmb_mus_brutus,3d,0,0,0,0,63,,no,no,none,0,,,,no,0,0,0,,no,yes,3,5,,yes,no,bus_reference,,
mus_event_brutus_round_start,sound\mus\zombie\alcatraz\brutus\round_start\v1_fullmelody_mas.SN65.pc.snd,,,,grp_music,41349,41349,,0,5000,5000,default,default,allon,allon,8,priority,8,oldest,32767,32767,,100,100,0,-1,,streamed,nonlooping,volume,-1,0,0,zmb_mus_rounds,2d,0,0,0,0,63,,no,yes,none,0,,,,no,0,0,0,,no,yes,0,0,,yes,no,bus_reference,,
mus_event_brutus_round_start,sound\mus\zombie\alcatraz\brutus\round_start\v1_lightcomp_mas.SN65.pc.snd,,,,grp_music,41349,41349,,0,5000,5000,default,default,allon,allon,8,priority,8,oldest,32767,32767,,100,100,0,-1,,streamed,nonlooping,volume,-1,0,0,zmb_mus_rounds,2d,0,0,0,0,63,,no,yes,none,0,,,,no,0,0,0,,no,yes,0,0,,yes,no,bus_reference,,
mus_event_brutus_round_start,sound\mus\zombie\alcatraz\brutus\round_start\v1_mas.SN65.pc.snd,,,,grp_music,41349,41349,,0,5000,5000,default,default,allon,allon,8,priority,8,oldest,32767,32767,,100,100,0,-1,,streamed,nonlooping,volume,-1,0,0,zmb_mus_rounds,2d,0,0,0,0,63,,no,yes,none,0,,,,no,0,0,0,,no,yes,0,0,,yes,no,bus_reference,,
mus_event_brutus_round_start,sound\mus\zombie\alcatraz\brutus\round_start\v2_mas.SN65.pc.snd,,,,grp_music,41349,41349,,0,5000,5000,default,default,allon,allon,8,priority,8,oldest,32767,32767,,100,100,0,-1,,streamed,nonlooping,volume,-1,0,0,zmb_mus_rounds,2d,0,0,0,0,63,,no,yes,none,0,,,,no,0,0,0,,no,yes,0,0,,yes,no,bus_reference,,
mus_event_brutus_round_start,sound\mus\zombie\alcatraz\brutus\round_start\v3-stock_mas.SN65.pc.snd,,,,grp_music,41349,41349,,0,5000,5000,default,default,allon,allon,8,priority,8,oldest,32767,32767,,100,100,0,-1,,streamed,nonlooping,volume,-1,0,0,zmb_mus_rounds,2d,0,0,0,0,63,,no,yes,none,0,,,,no,0,0,0,,no,yes,0,0,,yes,no,bus_reference,,
mus_event_brutus_round_start,sound\mus\zombie\alcatraz\brutus\round_start\v3-withoddity_mas.SN65.pc.snd,,,,grp_music,41349,41349,,0,5000,5000,default,default,allon,allon,8,priority,8,oldest,32767,32767,,100,100,0,-1,,streamed,nonlooping,volume,-1,0,0,zmb_mus_rounds,2d,0,0,0,0,63,,no,yes,none,0,,,,no,0,0,0,,no,yes,0,0,,yes,no,bus_reference,,
mus_event_brutus_spawn,sound\mus\zombie\alcatraz\brutus_spawn\brutus_spawn_long.SN65.pc.snd,,,,grp_music,20723,20723,,0,5000,5000,default,default,allon,allon,8,priority,8,oldest,32767,32767,,100,100,0,-1,,streamed,nonlooping,volume,-1,0,0,,2d,0,0,0,0,63,,no,yes,none,0,,,,no,0,0,0,,no,yes,0,0,,yes,no,bus_reference,,
mus_event_brutus_spawn,sound\mus\zombie\alcatraz\brutus_spawn\brutus_spawn_loop.SN65.pc.snd,,,,grp_music,20723,20723,,0,5000,5000,default,default,allon,allon,8,priority,8,oldest,32767,32767,,100,100,0,-1,,streamed,nonlooping,volume,-1,0,0,,2d,0,0,0,0,63,,no,yes,none,0,,,,no,0,0,0,,no,yes,0,0,,yes,no,bus_reference,,
mus_event_brutus_spawn,sound\mus\zombie\alcatraz\brutus_spawn\brutus_spawn_short.SN65.pc.snd,,,,grp_music,20723,20723,,0,5000,5000,default,default,allon,allon,8,priority,8,oldest,32767,32767,,100,100,0,-1,,streamed,nonlooping,volume,-1,0,0,,2d,0,0,0,0,63,,no,yes,none,0,,,,no,0,0,0,,no,yes,0,0,,yes,no,bus_reference,,
vox_brutus_enraged,sound\zmb_blops\vox\zmb\director\pain_yell\vox_director_pain_yell_00.SN55.pc.snd,,,,grp_voice,20723,20723,,125,500,625,default,default,allon,rev65,2,reject,8,oldest,32767,32767,,40,70,0,-1,,streamed,nonlooping,volume,-1,0,2072,,3d,0,50,200,6553,25,,yes,no,none,0,,,,no,0,0,0,,no,no,0,0,,yes,yes,bus_voice,,
vox_brutus_enraged,sound\zmb_blops\vox\zmb\director\pain_yell\vox_director_pain_yell_01.SN55.pc.snd,,,,grp_voice,20723,20723,,125,500,625,default,default,allon,rev65,2,reject,8,oldest,32767,32767,,40,70,0,-1,,streamed,nonlooping,volume,-1,0,2072,,3d,0,50,200,6553,25,,yes,no,none,0,,,,no,0,0,0,,no,no,0,0,,yes,yes,bus_voice,,
vox_brutus_enraged,sound\zmb_blops\vox\zmb\director\pain_yell\vox_director_pain_yell_02.SN55.pc.snd,,,,grp_voice,20723,20723,,125,500,625,default,default,allon,rev65,2,reject,8,oldest,32767,32767,,40,70,0,-1,,streamed,nonlooping,volume,-1,0,2072,,3d,0,50,200,6553,25,,yes,no,none,0,,,,no,0,0,0,,no,no,0,0,,yes,yes,bus_voice,,
vox_brutus_enraged,sound\zmb_blops\vox\zmb\director\pain_yell\vox_director_pain_yell_03.SN55.pc.snd,,,,grp_voice,20723,20723,,125,500,625,default,default,allon,rev65,2,reject,8,oldest,32767,32767,,40,70,0,-1,,streamed,nonlooping,volume,-1,0,2072,,3d,0,50,200,6553,25,,yes,no,none,0,,,,no,0,0,0,,no,no,0,0,,yes,yes,bus_voice,,
vox_brutus_enraged,sound\zmb_blops\vox\zmb\director\pain_yell\vox_director_pain_yell_04.SN55.pc.snd,,,,grp_voice,20723,20723,,125,500,625,default,default,allon,rev65,2,reject,8,oldest,32767,32767,,40,70,0,-1,,streamed,nonlooping,volume,-1,0,2072,,3d,0,50,200,6553,25,,yes,no,none,0,,,,no,0,0,0,,no,no,0,0,,yes,yes,bus_voice,,
vox_brutus_exert,sound\zmb_blops\vox\zmb\director\exert\vox_director_exert_00.SN55.pc.snd,,,,grp_voice,16461,16461,,125,500,625,default,default,allon,rev65,2,reject,8,oldest,32767,32767,,40,70,0,-1,,streamed,nonlooping,volume,-1,0,2072,,3d,0,50,200,6553,25,,yes,no,none,0,,,,no,0,0,0,,no,no,0,0,,yes,yes,bus_voice,,
vox_brutus_exert,sound\zmb_blops\vox\zmb\director\exert\vox_director_exert_01.SN55.pc.snd,,,,grp_voice,16461,16461,,125,500,625,default,default,allon,rev65,2,reject,8,oldest,32767,32767,,40,70,0,-1,,streamed,nonlooping,volume,-1,0,2072,,3d,0,50,200,6553,25,,yes,no,none,0,,,,no,0,0,0,,no,no,0,0,,yes,yes,bus_voice,,
vox_brutus_exert,sound\zmb_blops\vox\zmb\director\exert\vox_director_exert_03.SN55.pc.snd,,,,grp_voice,16461,16461,,125,500,625,default,default,allon,rev65,2,reject,8,oldest,32767,32767,,40,70,0,-1,,streamed,nonlooping,volume,-1,0,2072,,3d,0,50,200,6553,25,,yes,no,none,0,,,,no,0,0,0,,no,no,0,0,,yes,yes,bus_voice,,
vox_brutus_exert,sound\zmb_blops\vox\zmb\director\exert\vox_director_exert_04.SN55.pc.snd,,,,grp_voice,16461,16461,,125,500,625,default,default,allon,rev65,2,reject,8,oldest,32767,32767,,40,70,0,-1,,streamed,nonlooping,volume,-1,0,2072,,3d,0,50,200,6553,25,,yes,no,none,0,,,,no,0,0,0,,no,no,0,0,,yes,yes,bus_voice,,
vox_brutus_exert,sound\zmb_blops\vox\zmb\director\exert\vox_director_exert_05.SN55.pc.snd,,,,grp_voice,16461,16461,,125,500,625,default,default,allon,rev65,2,reject,8,oldest,32767,32767,,40,70,0,-1,,streamed,nonlooping,volume,-1,0,2072,,3d,0,50,200,6553,25,,yes,no,none,0,,,,no,0,0,0,,no,no,0,0,,yes,yes,bus_voice,,
vox_brutus_exert,sound\zmb_blops\vox\zmb\director\exert\vox_director_exert_06.SN55.pc.snd,,,,grp_voice,16461,16461,,125,500,625,default,default,allon,rev65,2,reject,8,oldest,32767,32767,,40,70,0,-1,,streamed,nonlooping,volume,-1,0,2072,,3d,0,50,200,6553,25,,yes,no,none,0,,,,no,0,0,0,,no,no,0,0,,yes,yes,bus_voice,,
vox_brutus_exert,sound\zmb_blops\vox\zmb\director\exert\vox_director_exert_07.SN55.pc.snd,,,,grp_voice,16461,16461,,125,500,625,default,default,allon,rev65,2,reject,8,oldest,32767,32767,,40,70,0,-1,,streamed,nonlooping,volume,-1,0,2072,,3d,0,50,200,6553,25,,yes,no,none,0,,,,no,0,0,0,,no,no,0,0,,yes,yes,bus_voice,,
vox_brutus_spawn,sound\zmb_blops\vox\zmb\director\angered\vox_director_angered_00.SN55.pc.snd,,,,grp_voice,20723,20723,,125,750,1500,default,default,allon,rev65,2,reject,8,oldest,32767,32767,,40,70,0,-1,,streamed,nonlooping,volume,-1,0,2072,,3d,0,50,200,6553,25,,yes,no,none,0,,,,no,0,0,0,,no,no,0,0,,yes,yes,bus_voice,,
vox_brutus_spawn,sound\zmb_blops\vox\zmb\director\angered\vox_director_angered_01.SN55.pc.snd,,,,grp_voice,20723,20723,,125,750,1500,default,default,allon,rev65,2,reject,8,oldest,32767,32767,,40,70,0,-1,,streamed,nonlooping,volume,-1,0,2072,,3d,0,50,200,6553,25,,yes,no,none,0,,,,no,0,0,0,,no,no,0,0,,yes,yes,bus_voice,,
vox_brutus_spawn,sound\zmb_blops\vox\zmb\director\angered\vox_director_angered_02.SN55.pc.snd,,,,grp_voice,20723,20723,,125,750,1500,default,default,allon,rev65,2,reject,8,oldest,32767,32767,,40,70,0,-1,,streamed,nonlooping,volume,-1,0,2072,,3d,0,50,200,6553,25,,yes,no,none,0,,,,no,0,0,0,,no,no,0,0,,yes,yes,bus_voice,,
vox_brutus_spawn,sound\zmb_blops\vox\zmb\director\angered\vox_director_angered_03.SN55.pc.snd,,,,grp_voice,20723,20723,,125,750,1500,default,default,allon,rev65,2,reject,8,oldest,32767,32767,,40,70,0,-1,,streamed,nonlooping,volume,-1,0,2072,,3d,0,50,200,6553,25,,yes,no,none,0,,,,no,0,0,0,,no,no,0,0,,yes,yes,bus_voice,,
vox_brutus_spawn,sound\zmb_blops\vox\zmb\director\angered\vox_director_angered_04.SN55.pc.snd,,,,grp_voice,20723,20723,,125,750,1500,default,default,allon,rev65,2,reject,8,oldest,32767,32767,,40,70,0,-1,,streamed,nonlooping,volume,-1,0,2072,,3d,0,50,200,6553,25,,yes,no,none,0,,,,no,0,0,0,,no,no,0,0,,yes,yes,bus_voice,,
zmb_ai_brutus_clang,sound\zmb\level\zm_alcatraz\brutus\clang.LN65.pc.snd,,,zmb_ai_brutus_slam,grp_hdrfx,41349,41349,,250,375,625,default,default,allon,allon,4,priority,8,oldest,32767,32767,,40,90,63,-1,,loaded,nonlooping,volume,-1,0,5205,,3d,0,50,75,52056,25,,yes,yes,none,0,,,,no,0,0,0,,yes,no,0,0,,yes,no,bus_hdrfx,,
zmb_ai_brutus_death,sound\zmb\ai\brutus\death.LN65.pc.snd,,,,grp_hdrfx,52056,52056,,2000,10000,10000,default,default,allon,allon,8,priority,8,oldest,32767,32767,,95,100,0,-1,,loaded,nonlooping,volume,-1,0,2,,3d,0,0,0,0,0,,yes,no,none,0,,,,no,0,0,0,,no,no,0,0,,yes,no,bus_hdrfx,,
zmb_ai_brutus_gas_drop_1,sound\zmb\level\zm_alcatraz\brutus\gas_drop\brutus_gas_drop_02.LN65.pc.snd,,,,grp_hdrfx,52056,52056,,1000,10000,10000,default,default,allon,allon,8,priority,8,oldest,32767,32767,,95,100,0,-1,,loaded,nonlooping,volume,-1,0,6553,,3d,0,0,0,0,0,,no,no,none,0,,,,no,0,0,0,,no,no,0,0,,yes,no,bus_hdrfx,,
zmb_ai_brutus_gas_drop_2,sound\zmb\level\zm_alcatraz\brutus\gas_drop\brutus_gas_drop_03.LN65.pc.snd,,,,grp_hdrfx,52056,52056,,1000,10000,10000,default,default,allon,allon,8,priority,8,oldest,32767,32767,,95,100,0,-1,,loaded,nonlooping,volume,-1,0,6553,,3d,0,0,0,0,0,,no,no,none,0,,,,no,0,0,0,,no,no,0,0,,yes,no,bus_hdrfx,,
zmb_ai_brutus_gas_explode,sound\zmb\level\zm_alcatraz\brutus\gas_drop\brutus_canister.LN65.pc.snd,,,zmb_ai_brutus_gas_explode_flux_l,grp_hdrfx,5840,5840,,225,425,500,default,default,allon,allon,8,priority,8,oldest,32767,32767,,95,100,63,-1,,loaded,nonlooping,volume,-1,0,655,,3d,0,0,0,0,0,,yes,no,none,0,,,,no,0,0,0,,no,no,0,0,,yes,no,bus_hdrfx,,
zmb_ai_brutus_gas_explode_flux_l,sound\wpn\grenade\smoke\flux\flux_l.LN65.pc.snd,,,zmb_ai_brutus_gas_explode_flux_r,grp_explosion,2325,2927,,500,2500,2500,default,default,allon,allon,2,priority,8,oldest,29192,36779,,30,40,63,-1,,loaded,nonlooping,volume,-1,150,2072,,3d,0,0,0,0,63,,no,no,left_player,2500,,,,no,0,0,0,,yes,no,0,0,,yes,no,bus_fx,,
zmb_ai_brutus_gas_explode_flux_r,sound\wpn\grenade\smoke\flux\flux_r.LN65.pc.snd,,,,grp_explosion,2325,2927,,500,2500,2500,default,default,allon,allon,2,priority,8,oldest,29192,36779,,30,40,63,-1,,loaded,nonlooping,volume,-1,175,2072,,3d,0,0,0,0,63,,yes,no,right_player,3500,,,,no,0,0,0,,yes,no,0,0,,yes,no,bus_fx,,
zmb_ai_brutus_gas_tear_1,sound\zmb\level\zm_alcatraz\brutus\gas_drop\brutus_gas_tear_00.LN65.pc.snd,,,,grp_hdrfx,46395,46395,,1000,10000,10000,default,default,allon,allon,8,priority,8,oldest,32767,32767,,95,100,0,-1,,loaded,nonlooping,volume,-1,0,6553,,3d,0,0,0,0,0,,no,no,none,0,,,,no,0,0,0,,no,no,0,0,,yes,no,bus_hdrfx,,
zmb_ai_brutus_gas_tear_2,sound\zmb\level\zm_alcatraz\brutus\gas_drop\brutus_gas_tear_01.LN65.pc.snd,,,,grp_hdrfx,46395,46395,,1000,10000,10000,default,default,allon,allon,8,priority,8,oldest,32767,32767,,95,100,0,-1,,loaded,nonlooping,volume,-1,0,6553,,3d,0,0,0,0,0,,no,no,none,0,,,,no,0,0,0,,no,no,0,0,,yes,no,bus_hdrfx,,
zmb_ai_brutus_slam,sound\zmb_blops\evt\zombie_coast\director\ground_attack\zmb_ground_attack_00.LN65.pc.snd,,,vox_brutus_exert,grp_hdrfx,26089,26089,,250,375,625,default,default,allon,allon,4,priority,8,oldest,32767,32767,,40,90,63,-1,,loaded,nonlooping,volume,-1,0,5205,,3d,0,50,75,52056,25,,yes,yes,none,0,,,,no,0,0,0,,yes,no,0,0,,yes,no,bus_hdrfx,,
zmb_ai_brutus_slam,sound\zmb_blops\evt\zombie_coast\director\ground_attack\zmb_ground_attack_01.LN65.pc.snd,,,vox_brutus_exert,grp_hdrfx,26089,26089,,250,375,625,default,default,allon,allon,4,priority,8,oldest,32767,32767,,40,90,63,-1,,loaded,nonlooping,volume,-1,0,5205,,3d,0,50,75,52056,25,,yes,yes,none,0,,,,no,0,0,0,,yes,no,0,0,,yes,no,bus_hdrfx,,
zmb_ai_brutus_spawn,sound\zmb\ai\brutus\brutus_spawn.LN65.pc.snd,,,vox_brutus_spawn,grp_hdrfx,52056,52056,,2000,10000,10000,default,default,allon,allon,8,priority,8,oldest,32767,32767,,95,100,0,-1,,loaded,nonlooping,volume,-1,0,2,,3d,0,0,0,0,0,,yes,no,none,0,,,,no,0,0,0,,no,no,0,0,,yes,no,bus_hdrfx,,
zmb_ai_brutus_spawn_2d,sound\zmb\ai\brutus\brutus_spawn_2d.SN65.pc.snd,,,,grp_hdrfx,32845,32845,,0,5000,5000,default,default,allon,allon,1,reject,8,oldest,32767,32767,,95,100,0,-1,,streamed,nonlooping,volume,-1,0,6,zmb_afterlife,2d,0,0,0,0,0,,yes,no,none,0,,,,no,0,0,0,,no,no,0,0,,yes,no,bus_hdrfx,,
zmb_ai_brutus_swing,sound\zmb\ai\brutus\swing\brutus_swing_00.LN65.pc.snd,,,vox_brutus_exert,grp_hdrfx,20723,20723,,125,375,500,default,default,allon,allon,4,priority,8,oldest,31143,32767,,40,90,63,-1,,loaded,nonlooping,volume,-1,0,5205,,3d,0,50,75,52056,63,,no,yes,none,0,,,,no,0,0,0,,yes,no,0,0,,yes,no,bus_hdrfx,,
zmb_ai_brutus_swing,sound\zmb\ai\brutus\swing\brutus_swing_01.LN65.pc.snd,,,vox_brutus_exert,grp_hdrfx,20723,20723,,125,375,500,default,default,allon,allon,4,priority,8,oldest,31143,32767,,40,90,63,-1,,loaded,nonlooping,volume,-1,0,5205,,3d,0,50,75,52056,63,,no,yes,none,0,,,,no,0,0,0,,yes,no,0,0,,yes,no,bus_hdrfx,,
zmb_ai_brutus_swing,sound\zmb\ai\brutus\swing\brutus_swing_02.LN65.pc.snd,,,vox_brutus_exert,grp_hdrfx,20723,20723,,125,375,500,default,default,allon,allon,4,priority,8,oldest,31143,32767,,40,90,63,-1,,loaded,nonlooping,volume,-1,0,5205,,3d,0,50,75,52056,63,,no,yes,none,0,,,,no,0,0,0,,yes,no,0,0,,yes,no,bus_hdrfx,,
zmb_ai_brutus_swing,sound\zmb\ai\brutus\swing\brutus_swing_03.LN65.pc.snd,,,vox_brutus_exert,grp_hdrfx,20723,20723,,125,375,500,default,default,allon,allon,4,priority,8,oldest,31143,32767,,40,90,63,-1,,loaded,nonlooping,volume,-1,0,5205,,3d,0,50,75,52056,63,,no,yes,none,0,,,,no,0,0,0,,yes,no,0,0,,yes,no,bus_hdrfx,,
zmb_ai_brutus_swing,sound\zmb\ai\brutus\swing\brutus_swing_04.LN65.pc.snd,,,vox_brutus_exert,grp_hdrfx,20723,20723,,125,375,500,default,default,allon,allon,4,priority,8,oldest,31143,32767,,40,90,63,-1,,loaded,nonlooping,volume,-1,0,5205,,3d,0,50,75,52056,63,,no,yes,none,0,,,,no,0,0,0,,yes,no,0,0,,yes,no,bus_hdrfx,,
zmb_ai_brutus_window_teardown,sound\zmb_blops\evt\zombie_temple\sq\bttp\wood_explo.LN65.pc.snd,,,,grp_hdrfx,20723,20723,,250,500,625,default,default,allon,allon,8,priority,8,oldest,32767,32767,,95,100,63,-1,,loaded,nonlooping,volume,-1,0,655,,3d,0,0,0,0,0,,yes,no,none,0,,,,no,0,0,0,,no,no,0,0,,yes,no,bus_hdrfx,,
zmb_avogadro_attack,sound\zmb\ai\avogadro\attack\avo_attack_00.LN65.pc.snd,,,,grp_hdrfx,23252,23252,,375,625,875,default,default,allon,allon,8,priority,8,oldest,28361,37857,,95,100,63,-1,,loaded,nonlooping,volume,-1,0,655,,3d,0,0,0,0,0,,no,no,none,0,,,,no,0,0,0,,yes,no,0,0,,yes,no,bus_hdrfx,,
zmb_avogadro_attack,sound\zmb\ai\avogadro\attack\avo_attack_01.LN65.pc.snd,,,,grp_hdrfx,23252,23252,,375,625,875,default,default,allon,allon,8,priority,8,oldest,28361,37857,,95,100,63,-1,,loaded,nonlooping,volume,-1,0,655,,3d,0,0,0,0,0,,no,no,none,0,,,,no,0,0,0,,yes,no,0,0,,yes,no,bus_hdrfx,,
zmb_avogadro_attack,sound\zmb\ai\avogadro\attack\avo_attack_02.LN65.pc.snd,,,,grp_hdrfx,23252,23252,,375,625,875,default,default,allon,allon,8,priority,8,oldest,28361,37857,,95,100,63,-1,,loaded,nonlooping,volume,-1,0,655,,3d,0,0,0,0,0,,no,no,none,0,,,,no,0,0,0,,yes,no,0,0,,yes,no,bus_hdrfx,,
zmb_avogadro_attack,sound\zmb\ai\avogadro\attack\avo_attack_03.LN65.pc.snd,,,,grp_hdrfx,23252,23252,,375,625,875,default,default,allon,allon,8,priority,8,oldest,28361,37857,,95,100,63,-1,,loaded,nonlooping,volume,-1,0,655,,3d,0,0,0,0,0,,no,no,none,0,,,,no,0,0,0,,yes,no,0,0,,yes,no,bus_hdrfx,,
zmb_avogadro_death,sound\zmb\ai\avogadro\avo_death.LN65.pc.snd,,,,grp_hdrfx,36853,36853,,750,1250,1750,default,default,allon,allon,8,priority,8,oldest,28361,37857,,95,100,63,-1,,loaded,nonlooping,volume,-1,0,655,,3d,0,0,0,0,0,,no,no,none,0,,,,no,0,0,0,,yes,no,0,0,,yes,no,bus_hdrfx,,
zmb_avogadro_death_short,sound\zmb\ai\avogadro\avo_death_short.LN65.pc.snd,,,,grp_hdrfx,36853,36853,,750,1250,1750,default,default,allon,allon,8,priority,8,oldest,28361,37857,,95,100,63,-1,,loaded,nonlooping,volume,-1,0,655,,3d,0,0,0,0,0,,no,no,none,0,,,,no,0,0,0,,yes,no,0,0,,yes,no,bus_hdrfx,,
zmb_avogadro_electrified,sound\zmb\ai\avogadro\electrified.LN65.pc.snd,,,,grp_hdrfx,13075,13075,,0,5000,5000,default,default,allon,allon,8,priority,8,oldest,27553,38966,,95,100,0,-1,,loaded,nonlooping,volume,-1,0,6,,2d,0,0,0,0,0,,no,yes,none,0,,,,no,0,0,0,,yes,no,0,0,,yes,no,bus_hdrfx,,
zmb_avogadro_loop,sound\zmb\ai\avogadro\avo_loop.LL65.pc.snd,,,,grp_hdrfx,7353,7353,,250,625,875,default,default,allon,allon,8,priority,8,oldest,32767,32767,,95,100,63,-1,,loaded,looping,volume,-1,0,655,,3d,0,0,0,0,0,,no,no,none,0,,,,no,0,0,0,,yes,no,0,0,,yes,no,bus_hdrfx,,
zmb_avogadro_pain,sound\zmb\ai\avogadro\pain\avo_pain_00.LN65.pc.snd,,,,grp_hdrfx,32845,32845,,375,625,875,default,default,allon,allon,8,priority,8,oldest,28361,37857,,95,100,63,-1,,loaded,nonlooping,volume,-1,0,655,,3d,0,75,150,36853,0,,no,no,none,0,,,,no,0,0,0,,yes,no,0,0,,yes,no,bus_hdrfx,,
zmb_avogadro_pain,sound\zmb\ai\avogadro\pain\avo_pain_01.LN65.pc.snd,,,,grp_hdrfx,32845,32845,,375,625,875,default,default,allon,allon,8,priority,8,oldest,28361,37857,,95,100,63,-1,,loaded,nonlooping,volume,-1,0,655,,3d,0,75,150,36853,0,,no,no,none,0,,,,no,0,0,0,,yes,no,0,0,,yes,no,bus_hdrfx,,
zmb_avogadro_pain,sound\zmb\ai\avogadro\pain\avo_pain_02.LN65.pc.snd,,,,grp_hdrfx,32845,32845,,375,625,875,default,default,allon,allon,8,priority,8,oldest,28361,37857,,95,100,63,-1,,loaded,nonlooping,volume,-1,0,655,,3d,0,75,150,36853,0,,no,no,none,0,,,,no,0,0,0,,yes,no,0,0,,yes,no,bus_hdrfx,,
zmb_avogadro_spawn_3d,sound\zmb\ai\avogadro\avo_spawn_3d.SN65.pc.snd,,,,grp_hdrfx,41349,41349,,1000,2000,2250,default,default,allon,allon,8,priority,8,oldest,32767,32767,,95,100,63,-1,,streamed,nonlooping,volume,-1,0,655,,3d,0,0,0,0,0,,no,no,none,0,,,,no,0,0,0,,yes,no,0,0,,yes,no,bus_hdrfx,,
zmb_avogadro_thunder_overhead,sound\zmb\ai\avogadro\thunder_overhead.SL65.pc.snd,,,,grp_hdrfx,16461,16461,,2250,7500,17500,default,default,allon,allon,8,priority,8,oldest,32767,32767,,95,100,63,-1,,streamed,looping,volume,-1,0,3685,,3d,0,0,0,0,0,,no,no,none,0,,,,no,0,0,0,,yes,no,0,1000,,yes,yes,bus_hdrfx,,
zmb_avogadro_warp_in,sound\zmb\ai\avogadro\avo_warp_in.LN65.pc.snd,,,,grp_hdrfx,14671,14671,,250,450,625,default,default,allon,allon,8,priority,8,oldest,27553,38966,,95,100,63,-1,,loaded,nonlooping,volume,-1,0,655,,3d,0,0,0,0,0,,no,no,none,0,,,,no,0,0,0,,yes,no,0,0,,yes,no,bus_hdrfx,,
zmb_avogadro_warp_out,sound\zmb\ai\avogadro\avo_warp_out.LN65.pc.snd,,,,grp_hdrfx,14671,14671,,250,625,875,default,default,allon,allon,8,priority,8,oldest,27553,38966,,95,100,63,-1,,loaded,nonlooping,volume,-1,0,655,,3d,0,0,0,0,0,,no,no,none,0,,,,no,0,0,0,,yes,no,0,0,,yes,no,bus_hdrfx,,
zmb_screecher_arm_loop,sound\zmb\ai\screecher\scr_arm_loop.LL65.pc.snd,,,,grp_hdrfx,18470,18470,,0,5000,5000,default,default,allon,allon,8,priority,8,oldest,32767,32767,,95,100,63,-1,,loaded,looping,volume,-1,0,6,,2d,0,0,0,0,0,,no,yes,none,0,,,,no,0,0,0,,yes,no,0,0,,yes,yes,bus_fx,,
zmb_screecher_bury,sound\zmb\ai\screecher\bury\zmb_screecher_dig.LN65.pc.snd,,,,grp_hdrfx,5840,5840,,450,1775,1775,default,default,allon,allon,8,priority,8,oldest,32767,32767,,95,100,63,-1,,loaded,nonlooping,volume,-1,0,655,,3d,0,0,0,0,0,,no,no,none,0,,,,no,0,0,0,,yes,no,0,0,,yes,no,bus_hdrfx,,
zmb_screecher_emerge,sound\zmb\ai\screecher\emerge\emerge_00.LN65.pc.snd,,,,grp_hdrfx,20723,20723,,200,450,625,default,default,allon,allon,8,priority,8,oldest,32767,32767,,95,100,63,-1,,loaded,nonlooping,volume,-1,0,2072,,3d,0,0,0,0,0,,no,no,none,0,,,,no,0,0,0,,yes,no,0,0,,yes,no,bus_hdrfx,,
zmb_screecher_emerge,sound\zmb\ai\screecher\emerge\emerge_01.LN65.pc.snd,,,,grp_hdrfx,20723,20723,,200,450,625,default,default,allon,allon,8,priority,8,oldest,32767,32767,,95,100,63,-1,,loaded,nonlooping,volume,-1,0,2072,,3d,0,0,0,0,0,,no,no,none,0,,,,no,0,0,0,,yes,no,0,0,,yes,no,bus_hdrfx,,
zmb_screecher_emerge,sound\zmb\ai\screecher\emerge\emerge_02.LN65.pc.snd,,,,grp_hdrfx,20723,20723,,200,450,625,default,default,allon,allon,8,priority,8,oldest,32767,32767,,95,100,63,-1,,loaded,nonlooping,volume,-1,0,2072,,3d,0,0,0,0,0,,no,no,none,0,,,,no,0,0,0,,yes,no,0,0,,yes,no,bus_hdrfx,,
zmb_screecher_impact,sound\zmb\ai\screecher\scr_imp_head.LN65.pc.snd,,,,grp_hdrfx,20723,20723,,0,5000,5000,default,default,allon,allon,8,priority,8,oldest,32767,32767,,95,100,63,-1,,loaded,nonlooping,volume,-1,0,6,,2d,0,0,0,0,0,,no,yes,none,0,,,,no,0,0,0,,yes,no,0,0,,yes,no,bus_fx,,
zmb_screecher_portal_arrive,sound\zmb\ai\screecher\portal\portal_arrive.LN65.pc.snd,,,,grp_hdrfx,13075,13075,,450,1775,1775,default,default,allon,allon,8,priority,8,oldest,32767,32767,,95,100,63,-1,,loaded,nonlooping,volume,-1,0,655,,3d,0,0,0,0,0,,no,no,none,0,,,,no,0,0,0,,yes,no,0,0,,yes,no,bus_hdrfx,,
zmb_screecher_portal_end,sound\zmb\ai\screecher\portal\portal_end.LN65.pc.snd,,,,grp_hdrfx,13075,13075,,450,1775,1775,default,default,allon,allon,8,priority,8,oldest,32767,32767,,95,100,63,-1,,loaded,nonlooping,volume,-1,0,655,,3d,0,0,0,0,0,,no,no,none,0,,,,no,0,0,0,,yes,no,0,0,,yes,no,bus_hdrfx,,
zmb_screecher_portal_loop,sound\zmb\ai\screecher\portal\portal_loop.LL65.pc.snd,,,,grp_hdrfx,13075,13075,,450,1775,1775,default,default,allon,allon,8,priority,8,oldest,32767,32767,,95,100,63,-1,,loaded,looping,volume,-1,0,655,,3d,0,0,0,0,0,,no,no,none,0,,,,no,0,0,0,,yes,no,0,0,,yes,no,bus_hdrfx,,
zmb_screecher_portal_spawn,sound\zmb\ai\screecher\portal\portal_spawn.LN65.pc.snd,,,,grp_hdrfx,13075,13075,,450,1775,1775,default,default,allon,allon,8,priority,8,oldest,32767,32767,,95,100,63,-1,,loaded,nonlooping,volume,-1,0,655,,3d,0,0,0,0,0,,no,no,none,0,,,,no,0,0,0,,yes,no,0,0,,yes,no,bus_hdrfx,,
zmb_screecher_portal_warp_2d,sound\zmb\ai\screecher\portal\portal_2d.LN65.pc.snd,,,,grp_hdrfx,18470,18470,,0,5000,5000,default,default,allon,allon,8,priority,8,oldest,32767,32767,,95,100,0,-1,,loaded,nonlooping,volume,-1,0,6,,2d,0,0,0,0,0,,no,yes,none,0,,,,no,0,0,0,,yes,no,0,0,,yes,no,bus_hdrfx,,
zmb_screecher_scratch,sound\zmb\ai\screecher\scratch\scr_scratch_00.LN65.pc.snd,,,,grp_hdrfx,20723,20723,,0,5000,5000,default,default,allon,allon,8,priority,8,oldest,32767,32767,,95,100,63,-1,,loaded,nonlooping,volume,-1,0,6,,2d,0,0,0,0,0,,no,yes,none,0,,,,no,0,0,0,,yes,no,0,0,,yes,no,bus_fx,,
zmb_screecher_scratch,sound\zmb\ai\screecher\scratch\scr_scratch_01.LN65.pc.snd,,,,grp_hdrfx,20723,20723,,0,5000,5000,default,default,allon,allon,8,priority,8,oldest,32767,32767,,95,100,63,-1,,loaded,nonlooping,volume,-1,0,6,,2d,0,0,0,0,0,,no,yes,none,0,,,,no,0,0,0,,yes,no,0,0,,yes,no,bus_fx,,
zmb_screecher_scratch,sound\zmb\ai\screecher\scratch\scr_scratch_02.LN65.pc.snd,,,,grp_hdrfx,20723,20723,,0,5000,5000,default,default,allon,allon,8,priority,8,oldest,32767,32767,,95,100,63,-1,,loaded,nonlooping,volume,-1,0,6,,2d,0,0,0,0,0,,no,yes,none,0,,,,no,0,0,0,,yes,no,0,0,,yes,no,bus_fx,,
zmb_screecher_scratch,sound\zmb\ai\screecher\scratch\scr_scratch_03.LN65.pc.snd,,,,grp_hdrfx,20723,20723,,0,5000,5000,default,default,allon,allon,8,priority,8,oldest,32767,32767,,95,100,63,-1,,loaded,nonlooping,volume,-1,0,6,,2d,0,0,0,0,0,,no,yes,none,0,,,,no,0,0,0,,yes,no,0,0,,yes,no,bus_fx,,
zmb_screecher_scratch,sound\zmb\ai\screecher\scratch\scr_scratch_04.LN65.pc.snd,,,,grp_hdrfx,20723,20723,,0,5000,5000,default,default,allon,allon,8,priority,8,oldest,32767,32767,,95,100,63,-1,,loaded,nonlooping,volume,-1,0,6,,2d,0,0,0,0,0,,no,yes,none,0,,,,no,0,0,0,,yes,no,0,0,,yes,no,bus_fx,,
zmb_vocals_screecher_attack,sound\zmb\ai\screecher\attack\attack_00.LN55.pc.snd,,,,grp_voice,9257,9257,,75,325,500,default,default,allon,allon,5,priority,2,reject,27553,38966,,70,90,63,-1,,loaded,nonlooping,volume,-1,0,2072,,3d,0,125,175,46395,-65,,no,no,none,0,,,,no,0,0,0,,yes,no,0,0,,yes,yes,bus_voice,,
zmb_vocals_screecher_attack,sound\zmb\ai\screecher\attack\attack_01.LN55.pc.snd,,,,grp_voice,9257,9257,,75,325,500,default,default,allon,allon,5,priority,2,reject,27553,38966,,70,90,63,-1,,loaded,nonlooping,volume,-1,0,2072,,3d,0,125,175,46395,-65,,no,no,none,0,,,,no,0,0,0,,yes,no,0,0,,yes,yes,bus_voice,,
zmb_vocals_screecher_attack,sound\zmb\ai\screecher\attack\attack_02.LN55.pc.snd,,,,grp_voice,9257,9257,,75,325,500,default,default,allon,allon,5,priority,2,reject,27553,38966,,70,90,63,-1,,loaded,nonlooping,volume,-1,0,2072,,3d,0,125,175,46395,-65,,no,no,none,0,,,,no,0,0,0,,yes,no,0,0,,yes,yes,bus_voice,,
zmb_vocals_screecher_attack,sound\zmb\ai\screecher\attack\attack_03.LN55.pc.snd,,,,grp_voice,9257,9257,,75,325,500,default,default,allon,allon,5,priority,2,reject,27553,38966,,70,90,63,-1,,loaded,nonlooping,volume,-1,0,2072,,3d,0,125,175,46395,-65,,no,no,none,0,,,,no,0,0,0,,yes,no,0,0,,yes,yes,bus_voice,,
zmb_vocals_screecher_attack,sound\zmb\ai\screecher\attack\attack_04.LN55.pc.snd,,,,grp_voice,9257,9257,,75,325,500,default,default,allon,allon,5,priority,2,reject,27553,38966,,70,90,63,-1,,loaded,nonlooping,volume,-1,0,2072,,3d,0,125,175,46395,-65,,no,no,none,0,,,,no,0,0,0,,yes,no,0,0,,yes,yes,bus_voice,,
zmb_vocals_screecher_attack,sound\zmb\ai\screecher\attack\attack_05.LN55.pc.snd,,,,grp_voice,9257,9257,,75,325,500,default,default,allon,allon,5,priority,2,reject,27553,38966,,70,90,63,-1,,loaded,nonlooping,volume,-1,0,2072,,3d,0,125,175,46395,-65,,no,no,none,0,,,,no,0,0,0,,yes,no,0,0,,yes,yes,bus_voice,,
zmb_vocals_screecher_breath,sound\zmb\ai\screecher\screecher_running_loop.LL55.pc.snd,,,zmb_vocals_screecher_foot_loop,grp_voice,4134,4134,,75,750,1000,default,default,allon,allon,5,priority,1,reject,27553,38966,,70,90,63,-1,,loaded,looping,volume,-1,0,3685,,3d,0,0,0,0,127,,no,yes,none,0,,,,no,0,0,0,,yes,no,0,0,,yes,yes,bus_voice,,
zmb_vocals_screecher_death,sound\zmb\ai\screecher\death\death_00.LN55.pc.snd,,,,grp_voice,11653,11653,,75,325,500,default,default,allon,allon,5,priority,2,reject,27553,38966,,70,90,63,-1,,loaded,nonlooping,volume,-1,0,2072,,3d,0,125,175,46395,-65,,no,no,none,0,,,,no,0,0,0,,yes,no,0,0,,yes,no,bus_voice,,
zmb_vocals_screecher_death,sound\zmb\ai\screecher\death\death_01.LN55.pc.snd,,,,grp_voice,11653,11653,,75,325,500,default,default,allon,allon,5,priority,2,reject,27553,38966,,70,90,63,-1,,loaded,nonlooping,volume,-1,0,2072,,3d,0,125,175,46395,-65,,no,no,none,0,,,,no,0,0,0,,yes,no,0,0,,yes,no,bus_voice,,
zmb_vocals_screecher_death,sound\zmb\ai\screecher\death\death_02.LN55.pc.snd,,,,grp_voice,11653,11653,,75,325,500,default,default,allon,allon,5,priority,2,reject,27553,38966,,70,90,63,-1,,loaded,nonlooping,volume,-1,0,2072,,3d,0,125,175,46395,-65,,no,no,none,0,,,,no,0,0,0,,yes,no,0,0,,yes,no,bus_voice,,
zmb_vocals_screecher_death,sound\zmb\ai\screecher\death\death_03.LN55.pc.snd,,,,grp_voice,11653,11653,,75,325,500,default,default,allon,allon,5,priority,2,reject,27553,38966,,70,90,63,-1,,loaded,nonlooping,volume,-1,0,2072,,3d,0,125,175,46395,-65,,no,no,none,0,,,,no,0,0,0,,yes,no,0,0,,yes,no,bus_voice,,
zmb_vocals_screecher_foot_loop,sound\zmb\ai\screecher\screecher_foot_loop.LL55.pc.snd,,,,grp_voice,9257,9257,,75,750,1000,default,default,allon,allon,5,priority,1,reject,27553,38966,,70,90,63,-1,,loaded,looping,volume,-1,0,3685,,3d,0,0,0,0,127,,no,yes,none,0,,,,no,0,0,0,,yes,no,0,0,,yes,yes,bus_voice,,
zmb_vocals_screecher_jump,sound\zmb\ai\screecher\jump_v2\scr_jump_00.LN55.pc.snd,,,,grp_voice,18470,18470,,75,500,625,default,default,allon,allon,5,priority,1,reject,27553,38966,,70,90,63,-1,,loaded,nonlooping,volume,-1,0,2072,,3d,0,125,225,46395,-65,,no,no,none,0,,,,no,0,0,0,,yes,no,0,0,,yes,yes,bus_voice,,
zmb_vocals_screecher_jump,sound\zmb\ai\screecher\jump_v2\scr_jump_01.LN55.pc.snd,,,,grp_voice,18470,18470,,75,500,625,default,default,allon,allon,5,priority,1,reject,27553,38966,,70,90,63,-1,,loaded,nonlooping,volume,-1,0,2072,,3d,0,125,225,46395,-65,,no,no,none,0,,,,no,0,0,0,,yes,no,0,0,,yes,yes,bus_voice,,
zmb_vocals_screecher_jump,sound\zmb\ai\screecher\jump_v2\scr_jump_02.LN55.pc.snd,,,,grp_voice,18470,18470,,75,500,625,default,default,allon,allon,5,priority,1,reject,27553,38966,,70,90,63,-1,,loaded,nonlooping,volume,-1,0,2072,,3d,0,125,225,46395,-65,,no,no,none,0,,,,no,0,0,0,,yes,no,0,0,,yes,yes,bus_voice,,
zmb_vocals_screecher_pain,sound\zmb\ai\screecher\jump\jump_00.LN55.pc.snd,,,,grp_voice,18470,18470,,75,325,500,default,default,allon,allon,5,priority,2,reject,27553,38966,,70,90,63,-1,,loaded,nonlooping,volume,-1,0,2072,,3d,0,125,175,46395,-65,,no,no,none,0,,,,no,0,0,0,,yes,no,0,0,,yes,no,bus_voice,,
zmb_vocals_screecher_pain,sound\zmb\ai\screecher\jump\jump_01.LN55.pc.snd,,,,grp_voice,18470,18470,,75,325,500,default,default,allon,allon,5,priority,2,reject,27553,38966,,70,90,63,-1,,loaded,nonlooping,volume,-1,0,2072,,3d,0,125,175,46395,-65,,no,no,none,0,,,,no,0,0,0,,yes,no,0,0,,yes,no,bus_voice,,
zmb_vocals_screecher_pain,sound\zmb\ai\screecher\jump\jump_02.LN55.pc.snd,,,,grp_voice,18470,18470,,75,325,500,default,default,allon,allon,5,priority,2,reject,27553,38966,,70,90,63,-1,,loaded,nonlooping,volume,-1,0,2072,,3d,0,125,175,46395,-65,,no,no,none,0,,,,no,0,0,0,,yes,no,0,0,,yes,no,bus_voice,,
zmb_vocals_screecher_pain,sound\zmb\ai\screecher\jump\jump_03.LN55.pc.snd,,,,grp_voice,18470,18470,,75,325,500,default,default,allon,allon,5,priority,2,reject,27553,38966,,70,90,63,-1,,loaded,nonlooping,volume,-1,0,2072,,3d,0,125,175,46395,-65,,no,no,none,0,,,,no,0,0,0,,yes,no,0,0,,yes,no,bus_voice,,
zmb_vocals_screecher_spawn,sound\zmb\ai\screecher\spawn\spawn_00.LN55.pc.snd,,,zmb_screecher_emerge,grp_voice,13075,13075,,500,4000,5000,default,default,allon,allon,6,priority,1,reject,30047,38966,,60,90,63,-1,,loaded,nonlooping,volume,-1,0,2072,,3d,0,0,0,0,0,,no,no,none,0,,,,no,0,0,0,,yes,no,0,0,,yes,yes,bus_voice,,
zmb_vocals_screecher_spawn,sound\zmb\ai\screecher\spawn\spawn_01.LN55.pc.snd,,,zmb_screecher_emerge,grp_voice,13075,13075,,500,4000,5000,default,default,allon,allon,6,priority,1,reject,30047,38966,,60,90,63,-1,,loaded,nonlooping,volume,-1,0,2072,,3d,0,0,0,0,0,,no,no,none,0,,,,no,0,0,0,,yes,no,0,0,,yes,yes,bus_voice,,
zmb_vocals_screecher_spawn,sound\zmb\ai\screecher\spawn\spawn_02.LN55.pc.snd,,,zmb_screecher_emerge,grp_voice,13075,13075,,500,4000,5000,default,default,allon,allon,6,priority,1,reject,30047,38966,,60,90,63,-1,,loaded,nonlooping,volume,-1,0,2072,,3d,0,0,0,0,0,,no,no,none,0,,,,no,0,0,0,,yes,no,0,0,,yes,yes,bus_voice,,
amb_ghost_breath,sound\amb\creepy\ghost\breath\ghost_breath_04.LN50.pc.snd,,,,grp_ambience,1646,2325,,75,550,550,default,default,allon,allon,6,priority,8,oldest,31834,33727,,10,50,0,-1,,loaded,nonlooping,volume,-1,0,11653,,3d,0,75,150,36853,25,,no,yes,none,0,,,,no,0,0,0,,no,no,0,0,,yes,no,bus_fx,
amb_ghost_breath,sound\amb\creepy\ghost\breath\ghost_breath_05.LN50.pc.snd,,,,grp_ambience,1646,2325,,75,550,550,default,default,allon,allon,6,priority,8,oldest,31834,33727,,10,50,0,-1,,loaded,nonlooping,volume,-1,0,11653,,3d,0,75,150,36853,25,,no,yes,none,0,,,,no,0,0,0,,no,no,0,0,,yes,no,bus_fx,
amb_ghost_breath,sound\amb\creepy\ghost\breath\ghost_breath_06.LN50.pc.snd,,,,grp_ambience,1646,2325,,75,550,550,default,default,allon,allon,6,priority,8,oldest,31834,33727,,10,50,0,-1,,loaded,nonlooping,volume,-1,0,11653,,3d,0,75,150,36853,25,,no,yes,none,0,,,,no,0,0,0,,no,no,0,0,,yes,no,bus_fx,
amb_ghost_door,sound\amb\creepy\door\ghost_door_open_00.LN50.pc.snd,,,,grp_ambience,735,1038,,75,550,550,default,default,allon,allon,6,priority,8,oldest,31834,33727,,10,50,0,-1,,loaded,nonlooping,volume,-1,0,11653,,3d,0,75,150,36853,51,,no,yes,none,0,,,,no,0,0,0,,no,no,0,0,,yes,no,bus_fx,
amb_ghost_door,sound\amb\creepy\door\ghost_door_open_01.LN50.pc.snd,,,,grp_ambience,735,1038,,75,550,550,default,default,allon,allon,6,priority,8,oldest,31834,33727,,10,50,0,-1,,loaded,nonlooping,volume,-1,0,11653,,3d,0,75,150,36853,51,,no,yes,none,0,,,,no,0,0,0,,no,no,0,0,,yes,no,bus_fx,
mus_event_lastlife,sound\mus\zombie\buried\ghost\ghost_round_loop_v2_mas.SL50.pc.snd,,,,grp_music,26089,26089,,0,5000,5000,default,default,allon,allon,1,oldest,8,oldest,32767,32767,,100,100,0,-1,,streamed,looping,volume,-1,0,0,zmb_mus_rounds,2d,0,0,0,0,63,,no,yes,none,0,,,,no,0,0,0,,no,yes,0,0,,yes,no,bus_reference,
mus_ghost_round_loop,sound\mus\zombie\buried\locations\mansion\mansion_heartbeat.SL50.pc.snd,,,,grp_music,26089,26089,,0,5000,5000,default,default,allon,allon,1,oldest,8,oldest,32767,32767,,100,100,0,-1,,streamed,looping,volume,-1,0,0,zmb_mus_rounds,2d,0,0,0,0,63,,no,yes,none,0,,,,no,0,0,0,,no,yes,0,0,,yes,no,bus_reference,
mus_ghost_round_over,sound\mus\zombie\buried\ghost\ghost_round_end_02_v1_mas.SN50.pc.snd,,,,grp_music,32845,32845,,0,5000,5000,default,default,allon,allon,8,priority,8,oldest,32767,32767,,100,100,0,-1,,streamed,nonlooping,volume,-1,0,0,zmb_mus_rounds,2d,0,0,0,0,63,,no,yes,none,0,,,,no,0,0,0,,no,yes,0,0,,yes,no,bus_reference,
mus_ghost_round_start,sound\mus\zombie\buried\ghost\ghost_round_start_01_v1_mas.SN50.pc.snd,,,,grp_music,41349,41349,,0,5000,5000,default,default,allon,allon,8,priority,8,oldest,32767,32767,,100,100,0,-1,,streamed,nonlooping,volume,-1,0,0,zmb_mus_rounds,2d,0,0,0,0,63,,no,yes,none,0,,,,no,0,0,0,,no,yes,0,0,,yes,no,bus_reference,
zmb_ai_ghost_apparate,sound\zmb\ai\ghost\disappear.LN50.pc.snd,,,,grp_hdrfx,14671,14671,,125,375,475,default,default,allon,allon,8,priority,8,oldest,30047,35732,,95,100,63,-1,,loaded,nonlooping,volume,-1,0,6553,,3d,0,50,75,10386,0,,no,no,none,0,,,,no,0,0,0,,no,no,0,0,,yes,no,bus_hdrfx,
zmb_ai_ghost_attack,sound\zmb\ai\ghost\v2\attack\attack_00.LN50.pc.snd,,,,grp_hdrfx,23252,23252,,125,375,475,default,default,allon,allon,8,priority,8,oldest,30927,38966,,95,100,63,-1,,loaded,nonlooping,volume,-1,0,6553,zmb_buried_ghost_attack,3d,0,50,75,10386,0,,no,no,none,0,,,,no,0,0,0,,no,no,0,0,,yes,yes,bus_hdrfx,
zmb_ai_ghost_attack,sound\zmb\ai\ghost\v2\attack\attack_01.LN50.pc.snd,,,,grp_hdrfx,23252,23252,,125,375,475,default,default,allon,allon,8,priority,8,oldest,30927,38966,,95,100,63,-1,,loaded,nonlooping,volume,-1,0,6553,zmb_buried_ghost_attack,3d,0,50,75,10386,0,,no,no,none,0,,,,no,0,0,0,,no,no,0,0,,yes,yes,bus_hdrfx,
zmb_ai_ghost_death,sound\zmb\ai\ghost\v2\death.LN50.pc.snd,,,zmb_ai_ghost_death_smoke,grp_hdrfx,11653,11653,,200,400,575,default,default,allon,allon,8,priority,8,oldest,30927,38966,,95,100,63,-1,,loaded,nonlooping,volume,-1,0,6553,,3d,0,0,0,0,0,,no,no,none,0,,,,no,0,0,0,,no,no,0,0,,yes,no,bus_hdrfx,
zmb_ai_ghost_death_smoke,sound\zmb\ai\ghost\cloud.LN50.pc.snd,,,zmb_ai_ghost_disapparate,grp_hdrfx,16461,16461,,200,400,575,default,default,allon,allon,8,priority,8,oldest,30927,38966,,95,100,63,-1,,loaded,nonlooping,volume,-1,250,6553,,3d,0,0,0,0,0,,no,no,none,0,,,,no,0,0,0,,no,no,0,0,,yes,no,bus_hdrfx,
zmb_ai_ghost_disapparate,sound\zmb\ai\ghost\appear.LN50.pc.snd,,,,grp_hdrfx,14671,14671,,125,375,475,default,default,allon,allon,8,priority,8,oldest,30047,35732,,95,100,63,-1,,loaded,nonlooping,volume,-1,0,6553,,3d,0,50,75,10386,0,,no,no,none,0,,,,no,0,0,0,,no,no,0,0,,yes,no,bus_hdrfx,
zmb_ai_ghost_loop,sound\zmb\ai\ghost\v2\ghost_loop.LL50.pc.snd,,,,grp_hdrfx,16461,16461,,175,625,750,default,default,allon,allon,8,priority,8,oldest,30047,35732,,95,100,63,-1,,loaded,looping,volume,-1,0,0,,3d,0,0,0,0,0,,no,no,none,0,,,,yes,0,0,0,,no,no,0,1,,yes,yes,bus_hdrfx,
zmb_ai_ghost_money_drain,sound\zmb\ai\ghost\v2\drain.LN50.pc.snd,,,,grp_hdrfx,9257,9257,,0,5000,5000,default,default,allon,allon,8,priority,8,oldest,32767,32767,,95,100,0,-1,,loaded,nonlooping,volume,-1,0,6,,2d,0,0,0,0,0,,no,yes,none,0,,,,no,0,0,0,,no,no,0,0,,yes,no,bus_hdrfx,
zmb_ghost_round_lp,sound\zmb\level\zm_buried\ghost\mansion_rnd_start_00.SL50.pc.snd,,,,grp_hdrfx,14671,14671,,750,1000,1500,default,default,allon,allon,8,priority,8,oldest,32767,32767,,95,100,0,-1,,streamed,looping,volume,-1,0,6553,,3d,0,0,0,0,0,,no,no,none,0,,,,no,0,0,0,,no,no,0,0,,yes,no,bus_hdrfx,
zmb_ghost_round_lp_loud,sound\zmb\level\zm_buried\ghost\scary_bro.SL50.pc.snd,,,,grp_hdrfx,11653,11653,,1000,1500,2000,default,default,allon,allon,8,priority,8,oldest,32767,32767,,95,100,0,-1,,streamed,looping,volume,-1,0,6553,,3d,0,0,0,0,0,,no,no,none,0,,,,no,0,0,0,,no,no,0,0,,yes,no,bus_hdrfx,
zmb_ghost_round_srt,sound\zmb\level\zm_buried\ghost\mansion_start_sting.SN50.pc.snd,,,,grp_hdrfx,26089,26089,,2000,4000,6000,default,default,allon,allon,8,priority,8,oldest,32767,32767,,95,100,0,-1,,streamed,nonlooping,volume,-1,0,6553,,3d,0,0,0,0,0,,no,no,none,0,,,,no,0,0,0,,no,no,0,0,,yes,no,bus_hdrfx,
aml_dog_attack_jump,sound\zmb\ai\hellhounds\vox\attack\attack_00.LN55.pc.snd,,,zmb_hellhound_vocals_bite,grp_ambience,11653,11653,,75,550,550,default,default,allon,allon,6,priority,1,oldest,31834,33727,,10,50,0,-1,,loaded,nonlooping,volume,-1,0,655,,3d,0,0,0,0,25,,no,yes,none,0,,,,no,0,0,0,,yes,no,0,0,,yes,yes,bus_fx,
aml_dog_attack_jump,sound\zmb\ai\hellhounds\vox\attack\attack_01.LN55.pc.snd,,,zmb_hellhound_vocals_bite,grp_ambience,11653,11653,,75,550,550,default,default,allon,allon,6,priority,1,oldest,31834,33727,,10,50,0,-1,,loaded,nonlooping,volume,-1,0,655,,3d,0,0,0,0,25,,no,yes,none,0,,,,no,0,0,0,,yes,no,0,0,,yes,yes,bus_fx,
aml_dog_attack_jump,sound\zmb\ai\hellhounds\vox\attack\attack_02.LN55.pc.snd,,,zmb_hellhound_vocals_bite,grp_ambience,11653,11653,,75,550,550,default,default,allon,allon,6,priority,1,oldest,31834,33727,,10,50,0,-1,,loaded,nonlooping,volume,-1,0,655,,3d,0,0,0,0,25,,no,yes,none,0,,,,no,0,0,0,,yes,no,0,0,,yes,yes,bus_fx,
aml_dog_attack_jump,sound\zmb\ai\hellhounds\vox\attack\attack_03.LN55.pc.snd,,,zmb_hellhound_vocals_bite,grp_ambience,11653,11653,,75,550,550,default,default,allon,allon,6,priority,1,oldest,31834,33727,,10,50,0,-1,,loaded,nonlooping,volume,-1,0,655,,3d,0,0,0,0,25,,no,yes,none,0,,,,no,0,0,0,,yes,no,0,0,,yes,yes,bus_fx,
aml_dog_attack_jump,sound\zmb\ai\hellhounds\vox\attack\attack_04.LN55.pc.snd,,,zmb_hellhound_vocals_bite,grp_ambience,11653,11653,,75,550,550,default,default,allon,allon,6,priority,1,oldest,31834,33727,,10,50,0,-1,,loaded,nonlooping,volume,-1,0,655,,3d,0,0,0,0,25,,no,yes,none,0,,,,no,0,0,0,,yes,no,0,0,,yes,yes,bus_fx,
aml_dog_attack_jump,sound\zmb\ai\hellhounds\vox\attack\attack_05.LN55.pc.snd,,,zmb_hellhound_vocals_bite,grp_ambience,11653,11653,,75,550,550,default,default,allon,allon,6,priority,1,oldest,31834,33727,,10,50,0,-1,,loaded,nonlooping,volume,-1,0,655,,3d,0,0,0,0,25,,no,yes,none,0,,,,no,0,0,0,,yes,no,0,0,,yes,yes,bus_fx,
aml_dog_attack_jump,sound\zmb\ai\hellhounds\vox\attack\attack_06.LN55.pc.snd,,,zmb_hellhound_vocals_bite,grp_ambience,11653,11653,,75,550,550,default,default,allon,allon,6,priority,1,oldest,31834,33727,,10,50,0,-1,,loaded,nonlooping,volume,-1,0,655,,3d,0,0,0,0,25,,no,yes,none,0,,,,no,0,0,0,,yes,no,0,0,,yes,yes,bus_fx,
fly_dog_step_run_default,sound\evt\zombie_global\hellhounds\step\step_00.LN55.pc.snd,,,,grp_ambience,7353,7353,,125,400,600,default,default,allon,allon,6,priority,8,oldest,31834,33727,,10,50,0,-1,,loaded,nonlooping,volume,-1,0,655,,3d,0,0,0,0,25,,no,yes,none,0,,,,no,0,0,0,,yes,no,0,0,,yes,no,bus_fx,
fly_dog_step_run_default,sound\evt\zombie_global\hellhounds\step\step_01.LN55.pc.snd,,,,grp_ambience,7353,7353,,125,400,600,default,default,allon,allon,6,priority,8,oldest,31834,33727,,10,50,0,-1,,loaded,nonlooping,volume,-1,0,655,,3d,0,0,0,0,25,,no,yes,none,0,,,,no,0,0,0,,yes,no,0,0,,yes,no,bus_fx,
fly_dog_step_run_default,sound\evt\zombie_global\hellhounds\step\step_02.LN55.pc.snd,,,,grp_ambience,7353,7353,,125,400,600,default,default,allon,allon,6,priority,8,oldest,31834,33727,,10,50,0,-1,,loaded,nonlooping,volume,-1,0,655,,3d,0,0,0,0,25,,no,yes,none,0,,,,no,0,0,0,,yes,no,0,0,,yes,no,bus_fx,
fly_dog_step_run_default,sound\evt\zombie_global\hellhounds\step\step_03.LN55.pc.snd,,,,grp_ambience,7353,7353,,125,400,600,default,default,allon,allon,6,priority,8,oldest,31834,33727,,10,50,0,-1,,loaded,nonlooping,volume,-1,0,655,,3d,0,0,0,0,25,,no,yes,none,0,,,,no,0,0,0,,yes,no,0,0,,yes,no,bus_fx,
fly_dog_step_run_default,sound\evt\zombie_global\hellhounds\step\step_04.LN55.pc.snd,,,,grp_ambience,7353,7353,,125,400,600,default,default,allon,allon,6,priority,8,oldest,31834,33727,,10,50,0,-1,,loaded,nonlooping,volume,-1,0,655,,3d,0,0,0,0,25,,no,yes,none,0,,,,no,0,0,0,,yes,no,0,0,,yes,no,bus_fx,
fly_dog_step_run_default,sound\evt\zombie_global\hellhounds\step\step_05.LN55.pc.snd,,,,grp_ambience,7353,7353,,125,400,600,default,default,allon,allon,6,priority,8,oldest,31834,33727,,10,50,0,-1,,loaded,nonlooping,volume,-1,0,655,,3d,0,0,0,0,25,,no,yes,none,0,,,,no,0,0,0,,yes,no,0,0,,yes,no,bus_fx,
fly_dog_step_run_default,sound\evt\zombie_global\hellhounds\step\step_06.LN55.pc.snd,,,,grp_ambience,7353,7353,,125,400,600,default,default,allon,allon,6,priority,8,oldest,31834,33727,,10,50,0,-1,,loaded,nonlooping,volume,-1,0,655,,3d,0,0,0,0,25,,no,yes,none,0,,,,no,0,0,0,,yes,no,0,0,,yes,no,bus_fx,
fly_dog_step_run_default,sound\evt\zombie_global\hellhounds\step\step_07.LN55.pc.snd,,,,grp_ambience,7353,7353,,125,400,600,default,default,allon,allon,6,priority,8,oldest,31834,33727,,10,50,0,-1,,loaded,nonlooping,volume,-1,0,655,,3d,0,0,0,0,25,,no,yes,none,0,,,,no,0,0,0,,yes,no,0,0,,yes,no,bus_fx,
fly_dog_step_run_default,sound\evt\zombie_global\hellhounds\step\step_08.LN55.pc.snd,,,,grp_ambience,7353,7353,,125,400,600,default,default,allon,allon,6,priority,8,oldest,31834,33727,,10,50,0,-1,,loaded,nonlooping,volume,-1,0,655,,3d,0,0,0,0,25,,no,yes,none,0,,,,no,0,0,0,,yes,no,0,0,,yes,no,bus_fx,
fly_dog_step_run_default,sound\evt\zombie_global\hellhounds\step\step_09.LN55.pc.snd,,,,grp_ambience,7353,7353,,125,400,600,default,default,allon,allon,6,priority,8,oldest,31834,33727,,10,50,0,-1,,loaded,nonlooping,volume,-1,0,655,,3d,0,0,0,0,25,,no,yes,none,0,,,,no,0,0,0,,yes,no,0,0,,yes,no,bus_fx,
fly_dog_step_run_default,sound\evt\zombie_global\hellhounds\step\step_10.LN55.pc.snd,,,,grp_ambience,7353,7353,,125,400,600,default,default,allon,allon,6,priority,8,oldest,31834,33727,,10,50,0,-1,,loaded,nonlooping,volume,-1,0,655,,3d,0,0,0,0,25,,no,yes,none,0,,,,no,0,0,0,,yes,no,0,0,,yes,no,bus_fx,
fly_dog_step_run_default,sound\evt\zombie_global\hellhounds\step\step_11.LN55.pc.snd,,,,grp_ambience,7353,7353,,125,400,600,default,default,allon,allon,6,priority,8,oldest,31834,33727,,10,50,0,-1,,loaded,nonlooping,volume,-1,0,655,,3d,0,0,0,0,25,,no,yes,none,0,,,,no,0,0,0,,yes,no,0,0,,yes,no,bus_fx,
mus_zombie_dog_end,sound\mus\zombie\zombie_global\mus_doground_end.SN65.pc.snd,,,,grp_music,18470,18470,,0,5000,5000,default,default,allon,allon,8,priority,8,oldest,32767,32767,,100,100,0,-1,,streamed,nonlooping,volume,-1,0,0,,2d,0,0,0,0,63,,no,yes,none,0,,,,no,0,0,0,,yes,yes,0,0,,yes,no,bus_reference,
mus_zombie_dog_start,sound\mus\zombie\zombie_global\mus_zombie_dog_start.SN65.pc.snd,,,,grp_music,18470,18470,,0,5000,5000,default,default,allon,allon,8,priority,8,oldest,32767,32767,,100,100,0,-1,,streamed,nonlooping,volume,-1,0,0,,2d,0,0,0,0,63,,no,yes,none,0,,,,no,0,0,0,,yes,yes,0,0,,yes,no,bus_reference,